Workbook

Sheet นิมนต์
G1: 2 | H1: 3 | I1: 4 | J1: 5 | K1: 6 | L1: 7 | M1: 8 | N1: 9
A2: ลำดับที่ | B2: ภาพ | C2: ลำดับสาขา | D2: ที่อยู่ | F2: ลำดับสาขา | G2: ชื่อวัด | H2: ชื่อพระ | I2: อายุอุปสมบท | J2: วันที่ | K2: เดือน | L2: พ.ศ. | M2: โทรศัพท์ | N2: ที่อยู่ | O2: พรรษา ปัจจุบัน | P2: นิมนต์ | Q2: อำเภอ | R2: จังหวัด | S2: For mappig | T2: For mappig
A3: 1 | C3: วัดบูรพาจารย์ | D3: วัดหนองป่าพง หมู่ที่ ๑๐ บ้านพงสว่าง ต.โนนผึ้ง อ.วารินชำราบ จ.อุบลราชธานี ๓๔๑๙๐ พระพรหมวชิรญาณโสภณ (เลี่ยม ฐิตธมฺโม) อุปสมบท เมื่ออาย ๒๐ ปี วันที่ ๒๒ เมษายน ๒๕๐๔ (ผู้รับรอง) - (๐๘๘) ๗๕๖-๕๐๕๗,- (๐๙๖) ๗๓๖-๘๖๘๓, | E3: =_xlfn.LET(_xlpm.x,C3, SUBSTITUTE(SUBSTITUTE(SUBSTITUTE(SUBSTITUTE(SUBSTITUTE( SUBSTITUTE(SUBSTITUTE(SUBSTITUTE(SUBSTITUTE(SUBSTITUTE( _xlpm.x,"๐","0"),"๑","1"),"๒","2"),"๓","3"),"๔","4"), "๕","5"),"๖","6"),"๗","7"),"๘","8"),"๙","9")) -> วัดบูรพาจารย์ | F3: 0 | G3: =_xlfn.TEXTBEFORE(D3,CHAR(10)) -> วัดหนองป่าพง | H3: =TRIM(_xlfn.TEXTBEFORE(MID(D3,SEARCH("พระ",D3),100),CHAR(10))) -> พระพรหมวชิรญาณโสภณ (เลี่ยม ฐิตธมฺโม) | I3: 20 | J3: 22 | K3: เมษายน | L3: 2504 | M3: =SUBSTITUTE(SUBSTITUTE(SUBSTITUTE(SUBSTITUTE(_xlfn.TEXTBEFORE(SUBSTITUTE(SUBSTITUTE(SUBSTITUTE(SUBSTITUTE(SUBSTITUTE(SUBSTITUTE(SUBSTITUTE(SUBSTITUTE(SUBSTITUTE(SUBSTITUTE(_xlfn.TEXTAFTER(D3,"- "),"๐","0"),"๑","1"),"๒","2"),"๓","3"),"๔","4"),"๕","5"),"๖","6"),"๗","7"),"๘","8"),"๙","9"),","),"(",""),")",""),"-","")," ","") -> #N/A | N3: =_xlfn.TEXTBEFORE(_xlfn.TEXTAFTER(D3,CHAR(10)),CHAR(10)&"พระ") -> หมู่ที่ ๑๐ บ้านพงสว่าง ต.โนนผึ้ง อ.วารินชำราบ จ.อุบลราชธานี ๓๔๑๙๐ | O3: =YEAR(TODAY())+543 - L3 -> 65 | P3: =VLOOKUP(T3,mapping!C:D,2,0) -> Y | Q3: =IFERROR("อ."&_xlfn.TEXTBEFORE(_xlfn.TEXTAFTER(N3,"อ.")," "),"") -> อ.วารินชำราบ | R3: =IFERROR("จ."&_xlfn.TEXTBEFORE(_xlfn.TEXTAFTER(N3,"จ.")," "),"") -> จ.อุบลราชธานี | S3: =IF(LEFT(C3,4)="สาขา","B", IF(LEFT(C3,4)="สำรอ","R", IF(LEFT(C3,4)="สำรว","S",0))) -> 0 | T3: =S3&F3 -> 00
A4: =+A3+1 -> 2 | C4: สาขาที่ ๐๐๘ | D4: วัดป่าโพธิญาณ (วัดเขื่อน) ๑๘๙ หมู่ ๑๒ บ้านดอนกลาง ต.ช่องเม็ก อ.สิรินธร จ.อุบลราชธานี ๓๔๓๕๐ พระครูโพธิสารคุณวัฒน์ (บุญชู ฐิตคุโณ) อุปสมบท เมื่ออายุ ๒๐ ปี วันที่ ๑๕ มีนาคม ๒๕๐๕ (ผู้รับรอง) -(๐๘๑) ๔๕๐-๐๔๖, (๐๘๑) ๓๙๓-๕๙๒๙ | E4: =_xlfn.LET(_xlpm.x,C4, SUBSTITUTE(SUBSTITUTE(SUBSTITUTE(SUBSTITUTE(SUBSTITUTE( SUBSTITUTE(SUBSTITUTE(SUBSTITUTE(SUBSTITUTE(SUBSTITUTE( _xlpm.x,"๐","0"),"๑","1"),"๒","2"),"๓","3"),"๔","4"), "๕","5"),"๖","6"),"๗","7"),"๘","8"),"๙","9")) -> สาขาที่ 008 | F4: 8 | G4: =_xlfn.TEXTBEFORE(D4,CHAR(10)) -> วัดป่าโพธิญาณ (วัดเขื่อน) | H4: =TRIM(_xlfn.TEXTBEFORE(MID(D4,SEARCH("พระ",D4),100),CHAR(10))) -> พระครูโพธิสารคุณวัฒน์ (บุญชู ฐิตคุโณ) | I4: =VALUE(SUBSTITUTE(SUBSTITUTE(SUBSTITUTE(SUBSTITUTE(SUBSTITUTE(SUBSTITUTE(SUBSTITUTE(SUBSTITUTE(SUBSTITUTE(SUBSTITUTE(_xlfn.TEXTBEFORE(_xlfn.TEXTAFTER(D4,"เมื่ออายุ "), " ปี"),"๐","0"),"๑","1"),"๒","2"),"๓","3"),"๔","4"),"๕","5"),"๖","6"),"๗","7"),"๘","8"),"๙","9")) -> 20 | J4: =VALUE(SUBSTITUTE(SUBSTITUTE(SUBSTITUTE(SUBSTITUTE(SUBSTITUTE(SUBSTITUTE(SUBSTITUTE(SUBSTITUTE(SUBSTITUTE(SUBSTITUTE(_xlfn.TEXTBEFORE(_xlfn.TEXTAFTER(D4,"วันที่ "), " "),"๐","0"),"๑","1"),"๒","2"),"๓","3"),"๔","4"),"๕","5"),"๖","6"),"๗","7"),"๘","8"),"๙","9")) -> 15 | K4: =_xlfn.TEXTBEFORE(_xlfn.TEXTAFTER(D4,"วันที่ "&_xlfn.TEXTBEFORE(_xlfn.TEXTAFTER(D4,"วันที่ "), " ")&" "), " ") -> มีนาคม | L4: =VALUE(SUBSTITUTE(SUBSTITUTE(SUBSTITUTE(SUBSTITUTE(SUBSTITUTE(SUBSTITUTE(SUBSTITUTE(SUBSTITUTE(SUBSTITUTE(SUBSTITUTE(_xlfn.TEXTBEFORE(_xlfn.TEXTAFTER(_xlfn.TEXTAFTER(D4,"วันที่ ")," "&_xlfn.TEXTBEFORE(_xlfn.TEXTAFTER(D4,"วันที่ "&_xlfn.TEXTBEFORE(_xlfn.TEXTAFTER(D4,"วันที่ "), " ")&" "), " ")&" "), " "),"๐","0"),"๑","1"),"๒","2"),"๓","3"),"๔","4"),"๕","5"),"๖","6"),"๗","7"),"๘","8"),"๙","9")) -> 2505 | M4: =SUBSTITUTE(SUBSTITUTE(SUBSTITUTE(SUBSTITUTE(_xlfn.TEXTBEFORE(SUBSTITUTE(SUBSTITUTE(SUBSTITUTE(SUBSTITUTE(SUBSTITUTE(SUBSTITUTE(SUBSTITUTE(SUBSTITUTE(SUBSTITUTE(SUBSTITUTE(_xlfn.TEXTAFTER(D4,"- "),"๐","0"),"๑","1"),"๒","2"),"๓","3"),"๔","4"),"๕","5"),"๖","6"),"๗","7"),"๘","8"),"๙","9"),","),"(",""),")",""),"-","")," ","") -> #N/A | N4: =_xlfn.TEXTBEFORE(_xlfn.TEXTAFTER(D4,CHAR(10)),CHAR(10)&"พระ") -> ๑๘๙ หมู่ ๑๒ บ้านดอนกลาง ต.ช่องเม็ก อ.สิรินธร จ.อุบลราชธานี ๓๔๓๕๐ | O4: =YEAR(TODAY())+543 - L4 -> 64 | P4: =VLOOKUP(T4,mapping!C:D,2,0) -> Y | Q4: =IFERROR("อ."&_xlfn.TEXTBEFORE(_xlfn.TEXTAFTER(N4,"อ.")," "),"") -> อ.สิรินธร | R4: =IFERROR("จ."&_xlfn.TEXTBEFORE(_xlfn.TEXTAFTER(N4,"จ.")," "),"") -> จ.อุบลราชธานี | S4: =IF(LEFT(C4,4)="สาขา","B", IF(LEFT(C4,4)="สำรอ","R", IF(LEFT(C4,4)="สำรว","S",0))) -> B | T4: =S4&F4 -> B8
A5: =+A4+1 -> 3 | C5: สาขาที่ ๐๒๖ | D5: วัดป่าโพธิ์สุวรรณ ๙๙ ม.๗ บ้านนาโพธิ์น้อย ต.นาโพธิ์น้อย อ.พิบูลมังสาหาร จ.อุบลราชธานี ๓๔๑๑๐ พระครูสุวรรณโพธิเขต (คูณ อคฺคธมฺโม) อุปสมบท เมื่ออายุ ๒๐ ปี วันที่ ๗ เมษายน ๒๕๐๙ (ผู้รับรอง) - (๐๘๐) ๔๗๕-๑๓๗๘,๐๔๕๓๘๔๐๖๖ | E5: =_xlfn.LET(_xlpm.x,C5, SUBSTITUTE(SUBSTITUTE(SUBSTITUTE(SUBSTITUTE(SUBSTITUTE( SUBSTITUTE(SUBSTITUTE(SUBSTITUTE(SUBSTITUTE(SUBSTITUTE( _xlpm.x,"๐","0"),"๑","1"),"๒","2"),"๓","3"),"๔","4"), "๕","5"),"๖","6"),"๗","7"),"๘","8"),"๙","9")) -> สาขาที่ 026 | F5: 26 | G5: =_xlfn.TEXTBEFORE(D5,CHAR(10)) -> วัดป่าโพธิ์สุวรรณ | H5: =TRIM(_xlfn.TEXTBEFORE(MID(D5,SEARCH("พระ",D5),100),CHAR(10))) -> พระครูสุวรรณโพธิเขต (คูณ อคฺคธมฺโม) | I5: =VALUE(SUBSTITUTE(SUBSTITUTE(SUBSTITUTE(SUBSTITUTE(SUBSTITUTE(SUBSTITUTE(SUBSTITUTE(SUBSTITUTE(SUBSTITUTE(SUBSTITUTE(_xlfn.TEXTBEFORE(_xlfn.TEXTAFTER(D5,"เมื่ออายุ "), " ปี"),"๐","0"),"๑","1"),"๒","2"),"๓","3"),"๔","4"),"๕","5"),"๖","6"),"๗","7"),"๘","8"),"๙","9")) -> 20 | J5: =VALUE(SUBSTITUTE(SUBSTITUTE(SUBSTITUTE(SUBSTITUTE(SUBSTITUTE(SUBSTITUTE(SUBSTITUTE(SUBSTITUTE(SUBSTITUTE(SUBSTITUTE(_xlfn.TEXTBEFORE(_xlfn.TEXTAFTER(D5,"วันที่ "), " "),"๐","0"),"๑","1"),"๒","2"),"๓","3"),"๔","4"),"๕","5"),"๖","6"),"๗","7"),"๘","8"),"๙","9")) -> 7 | K5: =_xlfn.TEXTBEFORE(_xlfn.TEXTAFTER(D5,"วันที่ "&_xlfn.TEXTBEFORE(_xlfn.TEXTAFTER(D5,"วันที่ "), " ")&" "), " ") -> เมษายน | L5: =VALUE(SUBSTITUTE(SUBSTITUTE(SUBSTITUTE(SUBSTITUTE(SUBSTITUTE(SUBSTITUTE(SUBSTITUTE(SUBSTITUTE(SUBSTITUTE(SUBSTITUTE(_xlfn.TEXTBEFORE(_xlfn.TEXTAFTER(_xlfn.TEXTAFTER(D5,"วันที่ ")," "&_xlfn.TEXTBEFORE(_xlfn.TEXTAFTER(D5,"วันที่ "&_xlfn.TEXTBEFORE(_xlfn.TEXTAFTER(D5,"วันที่ "), " ")&" "), " ")&" "), " "),"๐","0"),"๑","1"),"๒","2"),"๓","3"),"๔","4"),"๕","5"),"๖","6"),"๗","7"),"๘","8"),"๙","9")) -> 2509 | M5: =SUBSTITUTE(SUBSTITUTE(SUBSTITUTE(SUBSTITUTE(_xlfn.TEXTBEFORE(SUBSTITUTE(SUBSTITUTE(SUBSTITUTE(SUBSTITUTE(SUBSTITUTE(SUBSTITUTE(SUBSTITUTE(SUBSTITUTE(SUBSTITUTE(SUBSTITUTE(_xlfn.TEXTAFTER(D5,"- "),"๐","0"),"๑","1"),"๒","2"),"๓","3"),"๔","4"),"๕","5"),"๖","6"),"๗","7"),"๘","8"),"๙","9"),","),"(",""),")",""),"-","")," ","") -> 0804751378 | N5: =_xlfn.TEXTBEFORE(_xlfn.TEXTAFTER(D5,CHAR(10)),CHAR(10)&"พระ") -> ๙๙ ม.๗ บ้านนาโพธิ์น้อย ต.นาโพธิ์น้อย อ.พิบูลมังสาหาร จ.อุบลราชธานี ๓๔๑๑๐ | O5: =YEAR(TODAY())+543 - L5 -> 60 | P5: =VLOOKUP(T5,mapping!C:D,2,0) -> Y | Q5: =IFERROR("อ."&_xlfn.TEXTBEFORE(_xlfn.TEXTAFTER(N5,"อ.")," "),"") -> อ.พิบูลมังสาหาร | R5: =IFERROR("จ."&_xlfn.TEXTBEFORE(_xlfn.TEXTAFTER(N5,"จ.")," "),"") -> จ.อุบลราชธานี | S5: =IF(LEFT(C5,4)="สาขา","B", IF(LEFT(C5,4)="สำรอ","R", IF(LEFT(C5,4)="สำรว","S",0))) -> B | T5: =S5&F5 -> B26
A6: =+A5+1 -> 4 | C6: สาขาที่ ๐๒๙ | D6: วัดปลื้มพัฒนา ๗ หมู่ ๗ บ้านปลื้มพัฒนา ต.โคกมะม่วง อ.ปะคำ จ.บุรีรัมย์ ๓๑๒๒๐ พระครูภาวนาสารคุณ (ดำรง สุจิตฺโต) อุปสมบท เมื่ออายุ ๒๑ ปี วันที่ ๑๘ พฤษภาคม ๒๕๐๙ (ผู้รับรอง) ๐๘๑๙๗๖ ๑๒๘๙ | E6: =_xlfn.LET(_xlpm.x,C6, SUBSTITUTE(SUBSTITUTE(SUBSTITUTE(SUBSTITUTE(SUBSTITUTE( SUBSTITUTE(SUBSTITUTE(SUBSTITUTE(SUBSTITUTE(SUBSTITUTE( _xlpm.x,"๐","0"),"๑","1"),"๒","2"),"๓","3"),"๔","4"), "๕","5"),"๖","6"),"๗","7"),"๘","8"),"๙","9")) -> สาขาที่ 029 | F6: 29 | G6: =_xlfn.TEXTBEFORE(D6,CHAR(10)) -> วัดปลื้มพัฒนา | H6: =TRIM(_xlfn.TEXTBEFORE(MID(D6,SEARCH("พระ",D6),100),CHAR(10))) -> พระครูภาวนาสารคุณ (ดำรง สุจิตฺโต) | I6: =VALUE(SUBSTITUTE(SUBSTITUTE(SUBSTITUTE(SUBSTITUTE(SUBSTITUTE(SUBSTITUTE(SUBSTITUTE(SUBSTITUTE(SUBSTITUTE(SUBSTITUTE(_xlfn.TEXTBEFORE(_xlfn.TEXTAFTER(D6,"เมื่ออายุ "), " ปี"),"๐","0"),"๑","1"),"๒","2"),"๓","3"),"๔","4"),"๕","5"),"๖","6"),"๗","7"),"๘","8"),"๙","9")) -> 21 | J6: =VALUE(SUBSTITUTE(SUBSTITUTE(SUBSTITUTE(SUBSTITUTE(SUBSTITUTE(SUBSTITUTE(SUBSTITUTE(SUBSTITUTE(SUBSTITUTE(SUBSTITUTE(_xlfn.TEXTBEFORE(_xlfn.TEXTAFTER(D6,"วันที่ "), " "),"๐","0"),"๑","1"),"๒","2"),"๓","3"),"๔","4"),"๕","5"),"๖","6"),"๗","7"),"๘","8"),"๙","9")) -> 18 | K6: =_xlfn.TEXTBEFORE(_xlfn.TEXTAFTER(D6,"วันที่ "&_xlfn.TEXTBEFORE(_xlfn.TEXTAFTER(D6,"วันที่ "), " ")&" "), " ") -> พฤษภาคม | L6: =VALUE(SUBSTITUTE(SUBSTITUTE(SUBSTITUTE(SUBSTITUTE(SUBSTITUTE(SUBSTITUTE(SUBSTITUTE(SUBSTITUTE(SUBSTITUTE(SUBSTITUTE(_xlfn.TEXTBEFORE(_xlfn.TEXTAFTER(_xlfn.TEXTAFTER(D6,"วันที่ ")," "&_xlfn.TEXTBEFORE(_xlfn.TEXTAFTER(D6,"วันที่ "&_xlfn.TEXTBEFORE(_xlfn.TEXTAFTER(D6,"วันที่ "), " ")&" "), " ")&" "), " "),"๐","0"),"๑","1"),"๒","2"),"๓","3"),"๔","4"),"๕","5"),"๖","6"),"๗","7"),"๘","8"),"๙","9")) -> 2509 | M6: =SUBSTITUTE( _xlfn.TEXTBEFORE( SUBSTITUTE(SUBSTITUTE(SUBSTITUTE(SUBSTITUTE(SUBSTITUTE( SUBSTITUTE(SUBSTITUTE(SUBSTITUTE(SUBSTITUTE(SUBSTITUTE( _xlfn.TEXTAFTER(D6,CHAR(10),-1), "๐","0"),"๑","1"),"๒","2"),"๓","3"),"๔","4"), "๕","5"),"๖","6"),"๗","7"),"๘","8"),"๙","9"),",",-1)," ","") -> #N/A | N6: =_xlfn.TEXTBEFORE(_xlfn.TEXTAFTER(D6,CHAR(10)),CHAR(10)&"พระ") -> ๗ หมู่ ๗ บ้านปลื้มพัฒนา ต.โคกมะม่วง อ.ปะคำ จ.บุรีรัมย์ ๓๑๒๒๐ | O6: =YEAR(TODAY())+543 - L6 -> 60 | P6: =VLOOKUP(T6,mapping!C:D,2,0) -> Y | Q6: =IFERROR("อ."&_xlfn.TEXTBEFORE(_xlfn.TEXTAFTER(N6,"อ.")," "),"") -> อ.ปะคำ | R6: =IFERROR("จ."&_xlfn.TEXTBEFORE(_xlfn.TEXTAFTER(N6,"จ.")," "),"") -> จ.บุรีรัมย์ | S6: =IF(LEFT(C6,4)="สาขา","B", IF(LEFT(C6,4)="สำรอ","R", IF(LEFT(C6,4)="สำรว","S",0))) -> B | T6: =S6&F6 -> B29
A7: =+A6+1 -> 5 | C7: สาขาที่ ๐๓๕ | D7: วัดสุภัททมงคล ม.๙ บ้านยางเครือ ต.ยางสักกระโพหลุ่ม อ.ม่วงสามสิบ จ.อุบลราชธานี ๓๔๑๔๐ พระอธิการไพฑูรย์ ขนฺติโก อุปสมบท เมื่ออายุ ๒๑ ปี วันที่ ๒๗ พฤษภาคม ๒๕๐๙ (ผู้รับรอง) - (๐๘๕) ๘๕๘-๓๓๙๐ | E7: =_xlfn.LET(_xlpm.x,C7, SUBSTITUTE(SUBSTITUTE(SUBSTITUTE(SUBSTITUTE(SUBSTITUTE( SUBSTITUTE(SUBSTITUTE(SUBSTITUTE(SUBSTITUTE(SUBSTITUTE( _xlpm.x,"๐","0"),"๑","1"),"๒","2"),"๓","3"),"๔","4"), "๕","5"),"๖","6"),"๗","7"),"๘","8"),"๙","9")) -> สาขาที่ 035 | F7: 35 | G7: =_xlfn.TEXTBEFORE(D7,CHAR(10)) -> วัดสุภัททมงคล | H7: =TRIM(_xlfn.TEXTBEFORE(MID(D7,SEARCH("พระ",D7),100),CHAR(10))) -> พระอธิการไพฑูรย์ ขนฺติโก | I7: =VALUE(SUBSTITUTE(SUBSTITUTE(SUBSTITUTE(SUBSTITUTE(SUBSTITUTE(SUBSTITUTE(SUBSTITUTE(SUBSTITUTE(SUBSTITUTE(SUBSTITUTE(_xlfn.TEXTBEFORE(_xlfn.TEXTAFTER(D7,"เมื่ออายุ "), " ปี"),"๐","0"),"๑","1"),"๒","2"),"๓","3"),"๔","4"),"๕","5"),"๖","6"),"๗","7"),"๘","8"),"๙","9")) -> 21 | J7: =VALUE(SUBSTITUTE(SUBSTITUTE(SUBSTITUTE(SUBSTITUTE(SUBSTITUTE(SUBSTITUTE(SUBSTITUTE(SUBSTITUTE(SUBSTITUTE(SUBSTITUTE(_xlfn.TEXTBEFORE(_xlfn.TEXTAFTER(D7,"วันที่ "), " "),"๐","0"),"๑","1"),"๒","2"),"๓","3"),"๔","4"),"๕","5"),"๖","6"),"๗","7"),"๘","8"),"๙","9")) -> 27 | K7: =_xlfn.TEXTBEFORE(_xlfn.TEXTAFTER(D7,"วันที่ "&_xlfn.TEXTBEFORE(_xlfn.TEXTAFTER(D7,"วันที่ "), " ")&" "), " ") -> พฤษภาคม | L7: =VALUE(SUBSTITUTE(SUBSTITUTE(SUBSTITUTE(SUBSTITUTE(SUBSTITUTE(SUBSTITUTE(SUBSTITUTE(SUBSTITUTE(SUBSTITUTE(SUBSTITUTE(_xlfn.TEXTBEFORE(_xlfn.TEXTAFTER(_xlfn.TEXTAFTER(D7,"วันที่ ")," "&_xlfn.TEXTBEFORE(_xlfn.TEXTAFTER(D7,"วันที่ "&_xlfn.TEXTBEFORE(_xlfn.TEXTAFTER(D7,"วันที่ "), " ")&" "), " ")&" "), " "),"๐","0"),"๑","1"),"๒","2"),"๓","3"),"๔","4"),"๕","5"),"๖","6"),"๗","7"),"๘","8"),"๙","9")) -> 2509 | M7: =SUBSTITUTE(SUBSTITUTE(SUBSTITUTE(SUBSTITUTE(_xlfn.TEXTBEFORE(SUBSTITUTE(SUBSTITUTE(SUBSTITUTE(SUBSTITUTE(SUBSTITUTE(SUBSTITUTE(SUBSTITUTE(SUBSTITUTE(SUBSTITUTE(SUBSTITUTE(_xlfn.TEXTAFTER(D7,"- "),"๐","0"),"๑","1"),"๒","2"),"๓","3"),"๔","4"),"๕","5"),"๖","6"),"๗","7"),"๘","8"),"๙","9"),","),"(",""),")",""),"-","")," ","") -> #N/A | N7: =_xlfn.TEXTBEFORE(_xlfn.TEXTAFTER(D7,CHAR(10)),CHAR(10)&"พระ") -> ม.๙ บ้านยางเครือ ต.ยางสักกระโพหลุ่ม อ.ม่วงสามสิบ จ.อุบลราชธานี ๓๔๑๔๐ | O7: =YEAR(TODAY())+543 - L7 -> 60 | P7: =VLOOKUP(T7,mapping!C:D,2,0) -> Y | Q7: =IFERROR("อ."&_xlfn.TEXTBEFORE(_xlfn.TEXTAFTER(N7,"อ.")," "),"") -> อ.ม่วงสามสิบ | R7: =IFERROR("จ."&_xlfn.TEXTBEFORE(_xlfn.TEXTAFTER(N7,"จ.")," "),"") -> จ.อุบลราชธานี | S7: =IF(LEFT(C7,4)="สาขา","B", IF(LEFT(C7,4)="สำรอ","R", IF(LEFT(C7,4)="สำรว","S",0))) -> B | T7: =S7&F7 -> B35
A8: =+A7+1 -> 6 | C8: สาขาที่ ๐๖๖ | D8: วัดป่าโนนโศกเสือ ๑๔๓ ม.๙ บ้านโคกสะอาด ต.หนองฮะ อ.สำโรงทาบ จ.สุรินทร์ ๓๒๑๗๐ พระอธิการนำ ปญฺญาวโร อุปสมบท เมื่ออายุ ๒๐ ปี วันที่ ๓ มิถุนายน ๒๕๐๙ (ผู้รับรอง) - (๐๘๐) ๑๒๐-๙๑๐๒ | E8: =_xlfn.LET(_xlpm.x,C8, SUBSTITUTE(SUBSTITUTE(SUBSTITUTE(SUBSTITUTE(SUBSTITUTE( SUBSTITUTE(SUBSTITUTE(SUBSTITUTE(SUBSTITUTE(SUBSTITUTE( _xlpm.x,"๐","0"),"๑","1"),"๒","2"),"๓","3"),"๔","4"), "๕","5"),"๖","6"),"๗","7"),"๘","8"),"๙","9")) -> สาขาที่ 066 | F8: 66 | G8: =_xlfn.TEXTBEFORE(D8,CHAR(10)) -> วัดป่าโนนโศกเสือ | H8: =TRIM(_xlfn.TEXTBEFORE(MID(D8,SEARCH("พระ",D8),100),CHAR(10))) -> พระอธิการนำ ปญฺญาวโร | I8: =VALUE(SUBSTITUTE(SUBSTITUTE(SUBSTITUTE(SUBSTITUTE(SUBSTITUTE(SUBSTITUTE(SUBSTITUTE(SUBSTITUTE(SUBSTITUTE(SUBSTITUTE(_xlfn.TEXTBEFORE(_xlfn.TEXTAFTER(D8,"เมื่ออายุ "), " ปี"),"๐","0"),"๑","1"),"๒","2"),"๓","3"),"๔","4"),"๕","5"),"๖","6"),"๗","7"),"๘","8"),"๙","9")) -> 20 | J8: =VALUE(SUBSTITUTE(SUBSTITUTE(SUBSTITUTE(SUBSTITUTE(SUBSTITUTE(SUBSTITUTE(SUBSTITUTE(SUBSTITUTE(SUBSTITUTE(SUBSTITUTE(_xlfn.TEXTBEFORE(_xlfn.TEXTAFTER(D8,"วันที่ "), " "),"๐","0"),"๑","1"),"๒","2"),"๓","3"),"๔","4"),"๕","5"),"๖","6"),"๗","7"),"๘","8"),"๙","9")) -> 3 | K8: =_xlfn.TEXTBEFORE(_xlfn.TEXTAFTER(D8,"วันที่ "&_xlfn.TEXTBEFORE(_xlfn.TEXTAFTER(D8,"วันที่ "), " ")&" "), " ") -> มิถุนายน | L8: =VALUE(SUBSTITUTE(SUBSTITUTE(SUBSTITUTE(SUBSTITUTE(SUBSTITUTE(SUBSTITUTE(SUBSTITUTE(SUBSTITUTE(SUBSTITUTE(SUBSTITUTE(_xlfn.TEXTBEFORE(_xlfn.TEXTAFTER(_xlfn.TEXTAFTER(D8,"วันที่ ")," "&_xlfn.TEXTBEFORE(_xlfn.TEXTAFTER(D8,"วันที่ "&_xlfn.TEXTBEFORE(_xlfn.TEXTAFTER(D8,"วันที่ "), " ")&" "), " ")&" "), " "),"๐","0"),"๑","1"),"๒","2"),"๓","3"),"๔","4"),"๕","5"),"๖","6"),"๗","7"),"๘","8"),"๙","9")) -> 2509 | M8: =SUBSTITUTE(SUBSTITUTE(SUBSTITUTE(SUBSTITUTE(_xlfn.TEXTBEFORE(SUBSTITUTE(SUBSTITUTE(SUBSTITUTE(SUBSTITUTE(SUBSTITUTE(SUBSTITUTE(SUBSTITUTE(SUBSTITUTE(SUBSTITUTE(SUBSTITUTE(_xlfn.TEXTAFTER(D8,"- "),"๐","0"),"๑","1"),"๒","2"),"๓","3"),"๔","4"),"๕","5"),"๖","6"),"๗","7"),"๘","8"),"๙","9"),","),"(",""),")",""),"-","")," ","") -> #N/A | N8: =_xlfn.TEXTBEFORE(_xlfn.TEXTAFTER(D8,CHAR(10)),CHAR(10)&"พระ") -> ๑๔๓ ม.๙ บ้านโคกสะอาด ต.หนองฮะ อ.สำโรงทาบ จ.สุรินทร์ ๓๒๑๗๐ | O8: =YEAR(TODAY())+543 - L8 -> 60 | P8: =VLOOKUP(T8,mapping!C:D,2,0) -> Y | Q8: =IFERROR("อ."&_xlfn.TEXTBEFORE(_xlfn.TEXTAFTER(N8,"อ.")," "),"") -> อ.สำโรงทาบ | R8: =IFERROR("จ."&_xlfn.TEXTBEFORE(_xlfn.TEXTAFTER(N8,"จ.")," "),"") -> จ.สุรินทร์ | S8: =IF(LEFT(C8,4)="สาขา","B", IF(LEFT(C8,4)="สำรอ","R", IF(LEFT(C8,4)="สำรว","S",0))) -> B | T8: =S8&F8 -> B66
A9: =+A8+1 -> 7 | C9: สาขาที่ ๐๑๐ | D9: วัดป่าไทรงาม ๓๙๕ หมู่ ๓๕ บ้านทุ่งไทรงาม ต.เมืองเดช อ.เดชอุดม จ.อุบลราชธานี ๓๔๑๖๐ พระราชภาวนาวัชรมุนี (เอนก ยสทินฺโน) อุปสมบท เมื่ออายุ ๒๐ ปี วันที่ ๙ มิถุนายน ๒๕๑๐ (ผู้รับรอง) ๐๘๖๗๘๙ ๗๙๓๙,๐๘๑๙๙๗ ๗๕๘๒ | E9: =_xlfn.LET(_xlpm.x,C9, SUBSTITUTE(SUBSTITUTE(SUBSTITUTE(SUBSTITUTE(SUBSTITUTE( SUBSTITUTE(SUBSTITUTE(SUBSTITUTE(SUBSTITUTE(SUBSTITUTE( _xlpm.x,"๐","0"),"๑","1"),"๒","2"),"๓","3"),"๔","4"), "๕","5"),"๖","6"),"๗","7"),"๘","8"),"๙","9")) -> สาขาที่ 010 | F9: 10 | G9: =_xlfn.TEXTBEFORE(D9,CHAR(10)) -> วัดป่าไทรงาม | H9: =TRIM(_xlfn.TEXTBEFORE(MID(D9,SEARCH("พระ",D9),100),CHAR(10))) -> พระราชภาวนาวัชรมุนี (เอนก ยสทินฺโน) | I9: =VALUE(SUBSTITUTE(SUBSTITUTE(SUBSTITUTE(SUBSTITUTE(SUBSTITUTE(SUBSTITUTE(SUBSTITUTE(SUBSTITUTE(SUBSTITUTE(SUBSTITUTE(_xlfn.TEXTBEFORE(_xlfn.TEXTAFTER(D9,"เมื่ออายุ "), " ปี"),"๐","0"),"๑","1"),"๒","2"),"๓","3"),"๔","4"),"๕","5"),"๖","6"),"๗","7"),"๘","8"),"๙","9")) -> 20 | J9: =VALUE(SUBSTITUTE(SUBSTITUTE(SUBSTITUTE(SUBSTITUTE(SUBSTITUTE(SUBSTITUTE(SUBSTITUTE(SUBSTITUTE(SUBSTITUTE(SUBSTITUTE(_xlfn.TEXTBEFORE(_xlfn.TEXTAFTER(D9,"วันที่ "), " "),"๐","0"),"๑","1"),"๒","2"),"๓","3"),"๔","4"),"๕","5"),"๖","6"),"๗","7"),"๘","8"),"๙","9")) -> 9 | K9: =_xlfn.TEXTBEFORE(_xlfn.TEXTAFTER(D9,"วันที่ "&_xlfn.TEXTBEFORE(_xlfn.TEXTAFTER(D9,"วันที่ "), " ")&" "), " ") -> มิถุนายน | L9: =VALUE(SUBSTITUTE(SUBSTITUTE(SUBSTITUTE(SUBSTITUTE(SUBSTITUTE(SUBSTITUTE(SUBSTITUTE(SUBSTITUTE(SUBSTITUTE(SUBSTITUTE(_xlfn.TEXTBEFORE(_xlfn.TEXTAFTER(_xlfn.TEXTAFTER(D9,"วันที่ ")," "&_xlfn.TEXTBEFORE(_xlfn.TEXTAFTER(D9,"วันที่ "&_xlfn.TEXTBEFORE(_xlfn.TEXTAFTER(D9,"วันที่ "), " ")&" "), " ")&" "), " "),"๐","0"),"๑","1"),"๒","2"),"๓","3"),"๔","4"),"๕","5"),"๖","6"),"๗","7"),"๘","8"),"๙","9")) -> 2510 | M9: =SUBSTITUTE( _xlfn.TEXTBEFORE( SUBSTITUTE(SUBSTITUTE(SUBSTITUTE(SUBSTITUTE(SUBSTITUTE( SUBSTITUTE(SUBSTITUTE(SUBSTITUTE(SUBSTITUTE(SUBSTITUTE( _xlfn.TEXTAFTER(D9,CHAR(10),-1), "๐","0"),"๑","1"),"๒","2"),"๓","3"),"๔","4"), "๕","5"),"๖","6"),"๗","7"),"๘","8"),"๙","9"),",",-1)," ","") -> 0867897939 | N9: =_xlfn.TEXTBEFORE(_xlfn.TEXTAFTER(D9,CHAR(10)),CHAR(10)&"พระ") -> ๓๙๕ หมู่ ๓๕ บ้านทุ่งไทรงาม ต.เมืองเดช อ.เดชอุดม จ.อุบลราชธานี ๓๔๑๖๐ | O9: =YEAR(TODAY())+543 - L9 -> 59 | P9: =VLOOKUP(T9,mapping!C:D,2,0) -> Y | Q9: =IFERROR("อ."&_xlfn.TEXTBEFORE(_xlfn.TEXTAFTER(N9,"อ.")," "),"") -> อ.เดชอุดม | R9: =IFERROR("จ."&_xlfn.TEXTBEFORE(_xlfn.TEXTAFTER(N9,"จ.")," "),"") -> จ.อุบลราชธานี | S9: =IF(LEFT(C9,4)="สาขา","B", IF(LEFT(C9,4)="สำรอ","R", IF(LEFT(C9,4)="สำรว","S",0))) -> B | T9: =S9&F9 -> B10
A10: =+A9+1 -> 8 | C10: สาขาที่ ๐๓๐ | D10: วัดอุดมวารี ๕๑๓ ม.๑๐ บ้านโป่งแดง ต.ทรายขาว อ.พาน จ.เชียงราย ๕๗๑๒๐ พระครูอุดมวีรวัฒน์ (คูณ ติกฺขวีโร) อุปสมบท เมื่ออายุ ๒๔ ปี วันที่ ๕ พฤษภาคม ๒๕๑๐ (ผู้รับรอง) - (๐๘๑) ๙๘๙-๕๑๒๔,- (๐๘๑) ๗๑๐-๐๑๑๙, | E10: =_xlfn.LET(_xlpm.x,C10, SUBSTITUTE(SUBSTITUTE(SUBSTITUTE(SUBSTITUTE(SUBSTITUTE( SUBSTITUTE(SUBSTITUTE(SUBSTITUTE(SUBSTITUTE(SUBSTITUTE( _xlpm.x,"๐","0"),"๑","1"),"๒","2"),"๓","3"),"๔","4"), "๕","5"),"๖","6"),"๗","7"),"๘","8"),"๙","9")) -> สาขาที่ 030 | F10: 30 | G10: =_xlfn.TEXTBEFORE(D10,CHAR(10)) -> วัดอุดมวารี | H10: =TRIM(_xlfn.TEXTBEFORE(MID(D10,SEARCH("พระ",D10),100),CHAR(10))) -> พระครูอุดมวีรวัฒน์ (คูณ ติกฺขวีโร) | I10: =VALUE(SUBSTITUTE(SUBSTITUTE(SUBSTITUTE(SUBSTITUTE(SUBSTITUTE(SUBSTITUTE(SUBSTITUTE(SUBSTITUTE(SUBSTITUTE(SUBSTITUTE(_xlfn.TEXTBEFORE(_xlfn.TEXTAFTER(D10,"เมื่ออายุ "), " ปี"),"๐","0"),"๑","1"),"๒","2"),"๓","3"),"๔","4"),"๕","5"),"๖","6"),"๗","7"),"๘","8"),"๙","9")) -> 24 | J10: =VALUE(SUBSTITUTE(SUBSTITUTE(SUBSTITUTE(SUBSTITUTE(SUBSTITUTE(SUBSTITUTE(SUBSTITUTE(SUBSTITUTE(SUBSTITUTE(SUBSTITUTE(_xlfn.TEXTBEFORE(_xlfn.TEXTAFTER(D10,"วันที่ "), " "),"๐","0"),"๑","1"),"๒","2"),"๓","3"),"๔","4"),"๕","5"),"๖","6"),"๗","7"),"๘","8"),"๙","9")) -> 5 | K10: =_xlfn.TEXTBEFORE(_xlfn.TEXTAFTER(D10,"วันที่ "&_xlfn.TEXTBEFORE(_xlfn.TEXTAFTER(D10,"วันที่ "), " ")&" "), " ") -> พฤษภาคม | L10: =VALUE(SUBSTITUTE(SUBSTITUTE(SUBSTITUTE(SUBSTITUTE(SUBSTITUTE(SUBSTITUTE(SUBSTITUTE(SUBSTITUTE(SUBSTITUTE(SUBSTITUTE(_xlfn.TEXTBEFORE(_xlfn.TEXTAFTER(_xlfn.TEXTAFTER(D10,"วันที่ ")," "&_xlfn.TEXTBEFORE(_xlfn.TEXTAFTER(D10,"วันที่ "&_xlfn.TEXTBEFORE(_xlfn.TEXTAFTER(D10,"วันที่ "), " ")&" "), " ")&" "), " "),"๐","0"),"๑","1"),"๒","2"),"๓","3"),"๔","4"),"๕","5"),"๖","6"),"๗","7"),"๘","8"),"๙","9")) -> 2510 | M10: =SUBSTITUTE(SUBSTITUTE(SUBSTITUTE(SUBSTITUTE(_xlfn.TEXTBEFORE(SUBSTITUTE(SUBSTITUTE(SUBSTITUTE(SUBSTITUTE(SUBSTITUTE(SUBSTITUTE(SUBSTITUTE(SUBSTITUTE(SUBSTITUTE(SUBSTITUTE(_xlfn.TEXTAFTER(D10,"- "),"๐","0"),"๑","1"),"๒","2"),"๓","3"),"๔","4"),"๕","5"),"๖","6"),"๗","7"),"๘","8"),"๙","9"),","),"(",""),")",""),"-","")," ","") -> 0819895124 | N10: =_xlfn.TEXTBEFORE(_xlfn.TEXTAFTER(D10,CHAR(10)),CHAR(10)&"พระ") -> ๕๑๓ ม.๑๐ บ้านโป่งแดง ต.ทรายขาว อ.พาน จ.เชียงราย ๕๗๑๒๐ | O10: =YEAR(TODAY())+543 - L10 -> 59 | P10: =VLOOKUP(T10,mapping!C:D,2,0) -> Y | Q10: =IFERROR("อ."&_xlfn.TEXTBEFORE(_xlfn.TEXTAFTER(N10,"อ.")," "),"") -> อ.พาน | R10: =IFERROR("จ."&_xlfn.TEXTBEFORE(_xlfn.TEXTAFTER(N10,"จ.")," "),"") -> จ.เชียงราย | S10: =IF(LEFT(C10,4)="สาขา","B", IF(LEFT(C10,4)="สำรอ","R", IF(LEFT(C10,4)="สำรว","S",0))) -> B | T10: =S10&F10 -> B30
A11: =+A10+1 -> 9 | C11: สาขาที่ ๐๒๐ | D11: วัดบึงลัฏฐิวัน ๒๖ หมู่ ๑ บ้านช้าง ต.ท่าหลวง อ.ท่าเรือ จ.พระนครศรีอยุธยา ๑๘๒๗๐ พระครูโอภาสวุฒิกร (โสภณ โอภาโส) อุปสมบท เมื่ออายุ ๒๓ ปี วันที่ ๑๐ มิถุนายน ๒๕๑๑ (ผู้รับรอง) - (๐๘๙) ๒๐๑-๑๔๗๔,๐๓๕๓๔๑๘๓๙, | E11: =_xlfn.LET(_xlpm.x,C11, SUBSTITUTE(SUBSTITUTE(SUBSTITUTE(SUBSTITUTE(SUBSTITUTE( SUBSTITUTE(SUBSTITUTE(SUBSTITUTE(SUBSTITUTE(SUBSTITUTE( _xlpm.x,"๐","0"),"๑","1"),"๒","2"),"๓","3"),"๔","4"), "๕","5"),"๖","6"),"๗","7"),"๘","8"),"๙","9")) -> สาขาที่ 020 | F11: 20 | G11: =_xlfn.TEXTBEFORE(D11,CHAR(10)) -> วัดบึงลัฏฐิวัน | H11: =TRIM(_xlfn.TEXTBEFORE(MID(D11,SEARCH("พระค",D11),100),CHAR(10))) -> พระครูโอภาสวุฒิกร (โสภณ โอภาโส) | I11: =VALUE(SUBSTITUTE(SUBSTITUTE(SUBSTITUTE(SUBSTITUTE(SUBSTITUTE(SUBSTITUTE(SUBSTITUTE(SUBSTITUTE(SUBSTITUTE(SUBSTITUTE(_xlfn.TEXTBEFORE(_xlfn.TEXTAFTER(D11,"เมื่ออายุ "), " ปี"),"๐","0"),"๑","1"),"๒","2"),"๓","3"),"๔","4"),"๕","5"),"๖","6"),"๗","7"),"๘","8"),"๙","9")) -> 23 | J11: =VALUE(SUBSTITUTE(SUBSTITUTE(SUBSTITUTE(SUBSTITUTE(SUBSTITUTE(SUBSTITUTE(SUBSTITUTE(SUBSTITUTE(SUBSTITUTE(SUBSTITUTE(_xlfn.TEXTBEFORE(_xlfn.TEXTAFTER(D11,"วันที่ "), " "),"๐","0"),"๑","1"),"๒","2"),"๓","3"),"๔","4"),"๕","5"),"๖","6"),"๗","7"),"๘","8"),"๙","9")) -> 10 | K11: =_xlfn.TEXTBEFORE(_xlfn.TEXTAFTER(D11,"วันที่ "&_xlfn.TEXTBEFORE(_xlfn.TEXTAFTER(D11,"วันที่ "), " ")&" "), " ") -> มิถุนายน | L11: =VALUE(SUBSTITUTE(SUBSTITUTE(SUBSTITUTE(SUBSTITUTE(SUBSTITUTE(SUBSTITUTE(SUBSTITUTE(SUBSTITUTE(SUBSTITUTE(SUBSTITUTE(_xlfn.TEXTBEFORE(_xlfn.TEXTAFTER(_xlfn.TEXTAFTER(D11,"วันที่ ")," "&_xlfn.TEXTBEFORE(_xlfn.TEXTAFTER(D11,"วันที่ "&_xlfn.TEXTBEFORE(_xlfn.TEXTAFTER(D11,"วันที่ "), " ")&" "), " ")&" "), " "),"๐","0"),"๑","1"),"๒","2"),"๓","3"),"๔","4"),"๕","5"),"๖","6"),"๗","7"),"๘","8"),"๙","9")) -> 2511 | M11: =SUBSTITUTE(SUBSTITUTE(SUBSTITUTE(SUBSTITUTE(_xlfn.TEXTBEFORE(SUBSTITUTE(SUBSTITUTE(SUBSTITUTE(SUBSTITUTE(SUBSTITUTE(SUBSTITUTE(SUBSTITUTE(SUBSTITUTE(SUBSTITUTE(SUBSTITUTE(_xlfn.TEXTAFTER(D11,"- "),"๐","0"),"๑","1"),"๒","2"),"๓","3"),"๔","4"),"๕","5"),"๖","6"),"๗","7"),"๘","8"),"๙","9"),","),"(",""),")",""),"-","")," ","") -> 0892011474 | N11: =_xlfn.TEXTBEFORE(_xlfn.TEXTAFTER(D11,CHAR(10)),CHAR(10)&"พระ") -> ๒๖ หมู่ ๑ บ้านช้าง ต.ท่าหลวง อ.ท่าเรือ จ.พระนครศรีอยุธยา ๑๘๒๗๐ | O11: =YEAR(TODAY())+543 - L11 -> 58 | P11: =VLOOKUP(T11,mapping!C:D,2,0) -> Y | Q11: =IFERROR("อ."&_xlfn.TEXTBEFORE(_xlfn.TEXTAFTER(N11,"อ.")," "),"") -> อ.ท่าเรือ | R11: =IFERROR("จ."&_xlfn.TEXTBEFORE(_xlfn.TEXTAFTER(N11,"จ.")," "),"") -> จ.พระนครศรีอยุธยา | S11: =IF(LEFT(C11,4)="สาขา","B", IF(LEFT(C11,4)="สำรอ","R", IF(LEFT(C11,4)="สำรว","S",0))) -> B | T11: =S11&F11 -> B20
A12: =+A11+1 -> 10 | C12: สาขาที่ ๐๒๕ | D12: วัดป่าน้ำคำเกิ่ง ม.๙ บ้านคำเกิ่ง ต.เตย อ.ม่วงสามสิบ จ.อุบลราชธานี ๓๔๑๔๐ พระครูภัทรธรรมสิริ (ดำรง สิริภทฺโท) อุปสมบท เมื่ออายุ ๒๐ ปี วันที่ ๑๓ เมษายน ๒๕๑๒ (ผู้รับรอง) - (๐๘๑) ๙๙๗-๖๑๖๐, | E12: =_xlfn.LET(_xlpm.x,C12, SUBSTITUTE(SUBSTITUTE(SUBSTITUTE(SUBSTITUTE(SUBSTITUTE( SUBSTITUTE(SUBSTITUTE(SUBSTITUTE(SUBSTITUTE(SUBSTITUTE( _xlpm.x,"๐","0"),"๑","1"),"๒","2"),"๓","3"),"๔","4"), "๕","5"),"๖","6"),"๗","7"),"๘","8"),"๙","9")) -> สาขาที่ 025 | F12: 25 | G12: =_xlfn.TEXTBEFORE(D12,CHAR(10)) -> วัดป่าน้ำคำเกิ่ง | H12: =TRIM(_xlfn.TEXTBEFORE(MID(D12,SEARCH("พระ",D12),100),CHAR(10))) -> พระครูภัทรธรรมสิริ (ดำรง สิริภทฺโท) | I12: =VALUE(SUBSTITUTE(SUBSTITUTE(SUBSTITUTE(SUBSTITUTE(SUBSTITUTE(SUBSTITUTE(SUBSTITUTE(SUBSTITUTE(SUBSTITUTE(SUBSTITUTE(_xlfn.TEXTBEFORE(_xlfn.TEXTAFTER(D12,"เมื่ออายุ "), " ปี"),"๐","0"),"๑","1"),"๒","2"),"๓","3"),"๔","4"),"๕","5"),"๖","6"),"๗","7"),"๘","8"),"๙","9")) -> 20 | J12: =VALUE(SUBSTITUTE(SUBSTITUTE(SUBSTITUTE(SUBSTITUTE(SUBSTITUTE(SUBSTITUTE(SUBSTITUTE(SUBSTITUTE(SUBSTITUTE(SUBSTITUTE(_xlfn.TEXTBEFORE(_xlfn.TEXTAFTER(D12,"วันที่ "), " "),"๐","0"),"๑","1"),"๒","2"),"๓","3"),"๔","4"),"๕","5"),"๖","6"),"๗","7"),"๘","8"),"๙","9")) -> 13 | K12: =_xlfn.TEXTBEFORE(_xlfn.TEXTAFTER(D12,"วันที่ "&_xlfn.TEXTBEFORE(_xlfn.TEXTAFTER(D12,"วันที่ "), " ")&" "), " ") -> เมษายน | L12: =VALUE(SUBSTITUTE(SUBSTITUTE(SUBSTITUTE(SUBSTITUTE(SUBSTITUTE(SUBSTITUTE(SUBSTITUTE(SUBSTITUTE(SUBSTITUTE(SUBSTITUTE(_xlfn.TEXTBEFORE(_xlfn.TEXTAFTER(_xlfn.TEXTAFTER(D12,"วันที่ ")," "&_xlfn.TEXTBEFORE(_xlfn.TEXTAFTER(D12,"วันที่ "&_xlfn.TEXTBEFORE(_xlfn.TEXTAFTER(D12,"วันที่ "), " ")&" "), " ")&" "), " "),"๐","0"),"๑","1"),"๒","2"),"๓","3"),"๔","4"),"๕","5"),"๖","6"),"๗","7"),"๘","8"),"๙","9")) -> 2512 | M12: =SUBSTITUTE(SUBSTITUTE(SUBSTITUTE(SUBSTITUTE(_xlfn.TEXTBEFORE(SUBSTITUTE(SUBSTITUTE(SUBSTITUTE(SUBSTITUTE(SUBSTITUTE(SUBSTITUTE(SUBSTITUTE(SUBSTITUTE(SUBSTITUTE(SUBSTITUTE(_xlfn.TEXTAFTER(D12,"- "),"๐","0"),"๑","1"),"๒","2"),"๓","3"),"๔","4"),"๕","5"),"๖","6"),"๗","7"),"๘","8"),"๙","9"),","),"(",""),")",""),"-","")," ","") -> 0819976160 | N12: =_xlfn.TEXTBEFORE(_xlfn.TEXTAFTER(D12,CHAR(10)),CHAR(10)&"พระ") -> ม.๙ บ้านคำเกิ่ง ต.เตย อ.ม่วงสามสิบ จ.อุบลราชธานี ๓๔๑๔๐ | O12: =YEAR(TODAY())+543 - L12 -> 57 | P12: =VLOOKUP(T12,mapping!C:D,2,0) -> Y | Q12: =IFERROR("อ."&_xlfn.TEXTBEFORE(_xlfn.TEXTAFTER(N12,"อ.")," "),"") -> อ.ม่วงสามสิบ | R12: =IFERROR("จ."&_xlfn.TEXTBEFORE(_xlfn.TEXTAFTER(N12,"จ.")," "),"") -> จ.อุบลราชธานี | S12: =IF(LEFT(C12,4)="สาขา","B", IF(LEFT(C12,4)="สำรอ","R", IF(LEFT(C12,4)="สำรว","S",0))) -> B | T12: =S12&F12 -> B25
A13: =+A12+1 -> 11 | C13: สาขาที่ ๐๑๕ | D13: วัดป่าค้อเจริญธรรม ๒๓ หมู่ ๖ บ้านพืชอุดม ต.ปุเปื่อย อ.น้ำยืน จ.อุบลราชธานี ๓๔๓๒๐ พระครูวิบูลญาณคุณ (บรรจง กมโล) อุปสมบท เมื่ออายุ ๒๑ ปี วันที่ ๘ กุมภาพันธ์ ๒๕๑๓ (ผู้รับรอง) ๐๘๙๗๒๐ ๒๗๒๔,๐๔๕๓๗๑๑๔๒, | E13: =_xlfn.LET(_xlpm.x,C13, SUBSTITUTE(SUBSTITUTE(SUBSTITUTE(SUBSTITUTE(SUBSTITUTE( SUBSTITUTE(SUBSTITUTE(SUBSTITUTE(SUBSTITUTE(SUBSTITUTE( _xlpm.x,"๐","0"),"๑","1"),"๒","2"),"๓","3"),"๔","4"), "๕","5"),"๖","6"),"๗","7"),"๘","8"),"๙","9")) -> สาขาที่ 015 | F13: 15 | G13: =_xlfn.TEXTBEFORE(D13,CHAR(10)) -> วัดป่าค้อเจริญธรรม | H13: =TRIM(_xlfn.TEXTBEFORE(MID(D13,SEARCH("พระ",D13),100),CHAR(10))) -> พระครูวิบูลญาณคุณ (บรรจง กมโล) | I13: =VALUE(SUBSTITUTE(SUBSTITUTE(SUBSTITUTE(SUBSTITUTE(SUBSTITUTE(SUBSTITUTE(SUBSTITUTE(SUBSTITUTE(SUBSTITUTE(SUBSTITUTE(_xlfn.TEXTBEFORE(_xlfn.TEXTAFTER(D13,"เมื่ออายุ "), " ปี"),"๐","0"),"๑","1"),"๒","2"),"๓","3"),"๔","4"),"๕","5"),"๖","6"),"๗","7"),"๘","8"),"๙","9")) -> 21 | J13: =VALUE(SUBSTITUTE(SUBSTITUTE(SUBSTITUTE(SUBSTITUTE(SUBSTITUTE(SUBSTITUTE(SUBSTITUTE(SUBSTITUTE(SUBSTITUTE(SUBSTITUTE(_xlfn.TEXTBEFORE(_xlfn.TEXTAFTER(D13,"วันที่ "), " "),"๐","0"),"๑","1"),"๒","2"),"๓","3"),"๔","4"),"๕","5"),"๖","6"),"๗","7"),"๘","8"),"๙","9")) -> 8 | K13: =_xlfn.TEXTBEFORE(_xlfn.TEXTAFTER(D13,"วันที่ "&_xlfn.TEXTBEFORE(_xlfn.TEXTAFTER(D13,"วันที่ "), " ")&" "), " ") -> กุมภาพันธ์ | L13: =VALUE(SUBSTITUTE(SUBSTITUTE(SUBSTITUTE(SUBSTITUTE(SUBSTITUTE(SUBSTITUTE(SUBSTITUTE(SUBSTITUTE(SUBSTITUTE(SUBSTITUTE(_xlfn.TEXTBEFORE(_xlfn.TEXTAFTER(_xlfn.TEXTAFTER(D13,"วันที่ ")," "&_xlfn.TEXTBEFORE(_xlfn.TEXTAFTER(D13,"วันที่ "&_xlfn.TEXTBEFORE(_xlfn.TEXTAFTER(D13,"วันที่ "), " ")&" "), " ")&" "), " "),"๐","0"),"๑","1"),"๒","2"),"๓","3"),"๔","4"),"๕","5"),"๖","6"),"๗","7"),"๘","8"),"๙","9")) -> 2513 | M13: =SUBSTITUTE( _xlfn.TEXTBEFORE( SUBSTITUTE(SUBSTITUTE(SUBSTITUTE(SUBSTITUTE(SUBSTITUTE( SUBSTITUTE(SUBSTITUTE(SUBSTITUTE(SUBSTITUTE(SUBSTITUTE( _xlfn.TEXTAFTER(D13,CHAR(10),-1), "๐","0"),"๑","1"),"๒","2"),"๓","3"),"๔","4"), "๕","5"),"๖","6"),"๗","7"),"๘","8"),"๙","9"),",",-1)," ","") -> 0897202724,045371142 | N13: =_xlfn.TEXTBEFORE(_xlfn.TEXTAFTER(D13,CHAR(10)),CHAR(10)&"พระ") -> ๒๓ หมู่ ๖ บ้านพืชอุดม ต.ปุเปื่อย อ.น้ำยืน จ.อุบลราชธานี ๓๔๓๒๐ | O13: =YEAR(TODAY())+543 - L13 -> 56 | P13: =VLOOKUP(T13,mapping!C:D,2,0) -> Y | Q13: =IFERROR("อ."&_xlfn.TEXTBEFORE(_xlfn.TEXTAFTER(N13,"อ.")," "),"") -> อ.น้ำยืน | R13: =IFERROR("จ."&_xlfn.TEXTBEFORE(_xlfn.TEXTAFTER(N13,"จ.")," "),"") -> จ.อุบลราชธานี | S13: =IF(LEFT(C13,4)="สาขา","B", IF(LEFT(C13,4)="สำรอ","R", IF(LEFT(C13,4)="สำรว","S",0))) -> B | T13: =S13&F13 -> B15
A14: =+A13+1 -> 12 | C14: สาขาที่ ๒๙๒ | D14: วัดป่ากาญจนาราม ๑๙๙ ม.๓ บ้านอูนนา ต.นางัว อ.นาหว้า จ.นครพนม ๔๘๑๘๐ พระครูวิเวกธรรมานุกูล (ฉันท์ กตปุญฺโญ) อุปสมบท เมื่ออายุ ๒๒ ปี วันที่ ๒๓ เมษายน ๒๕๑๓ (ผู้รับรอง) - (๐๘๙) ๙๔๙-๑๒๘๘, | E14: =_xlfn.LET(_xlpm.x,C14, SUBSTITUTE(SUBSTITUTE(SUBSTITUTE(SUBSTITUTE(SUBSTITUTE( SUBSTITUTE(SUBSTITUTE(SUBSTITUTE(SUBSTITUTE(SUBSTITUTE( _xlpm.x,"๐","0"),"๑","1"),"๒","2"),"๓","3"),"๔","4"), "๕","5"),"๖","6"),"๗","7"),"๘","8"),"๙","9")) -> สาขาที่ 292 | F14: 292 | G14: =_xlfn.TEXTBEFORE(D14,CHAR(10)) -> วัดป่ากาญจนาราม | H14: =TRIM(_xlfn.TEXTBEFORE(MID(D14,SEARCH("พระ",D14),100),CHAR(10))) -> พระครูวิเวกธรรมานุกูล (ฉันท์ กตปุญฺโญ) | I14: =VALUE(SUBSTITUTE(SUBSTITUTE(SUBSTITUTE(SUBSTITUTE(SUBSTITUTE(SUBSTITUTE(SUBSTITUTE(SUBSTITUTE(SUBSTITUTE(SUBSTITUTE(_xlfn.TEXTBEFORE(_xlfn.TEXTAFTER(D14,"เมื่ออายุ "), " ปี"),"๐","0"),"๑","1"),"๒","2"),"๓","3"),"๔","4"),"๕","5"),"๖","6"),"๗","7"),"๘","8"),"๙","9")) -> 22 | J14: =VALUE(SUBSTITUTE(SUBSTITUTE(SUBSTITUTE(SUBSTITUTE(SUBSTITUTE(SUBSTITUTE(SUBSTITUTE(SUBSTITUTE(SUBSTITUTE(SUBSTITUTE(_xlfn.TEXTBEFORE(_xlfn.TEXTAFTER(D14,"วันที่ "), " "),"๐","0"),"๑","1"),"๒","2"),"๓","3"),"๔","4"),"๕","5"),"๖","6"),"๗","7"),"๘","8"),"๙","9")) -> 23 | K14: =_xlfn.TEXTBEFORE(_xlfn.TEXTAFTER(D14,"วันที่ "&_xlfn.TEXTBEFORE(_xlfn.TEXTAFTER(D14,"วันที่ "), " ")&" "), " ") -> เมษายน | L14: =VALUE(SUBSTITUTE(SUBSTITUTE(SUBSTITUTE(SUBSTITUTE(SUBSTITUTE(SUBSTITUTE(SUBSTITUTE(SUBSTITUTE(SUBSTITUTE(SUBSTITUTE(_xlfn.TEXTBEFORE(_xlfn.TEXTAFTER(_xlfn.TEXTAFTER(D14,"วันที่ ")," "&_xlfn.TEXTBEFORE(_xlfn.TEXTAFTER(D14,"วันที่ "&_xlfn.TEXTBEFORE(_xlfn.TEXTAFTER(D14,"วันที่ "), " ")&" "), " ")&" "), " "),"๐","0"),"๑","1"),"๒","2"),"๓","3"),"๔","4"),"๕","5"),"๖","6"),"๗","7"),"๘","8"),"๙","9")) -> 2513 | M14: =SUBSTITUTE(SUBSTITUTE(SUBSTITUTE(SUBSTITUTE(_xlfn.TEXTBEFORE(SUBSTITUTE(SUBSTITUTE(SUBSTITUTE(SUBSTITUTE(SUBSTITUTE(SUBSTITUTE(SUBSTITUTE(SUBSTITUTE(SUBSTITUTE(SUBSTITUTE(_xlfn.TEXTAFTER(D14,"- "),"๐","0"),"๑","1"),"๒","2"),"๓","3"),"๔","4"),"๕","5"),"๖","6"),"๗","7"),"๘","8"),"๙","9"),","),"(",""),")",""),"-","")," ","") -> 0899491288 | N14: =_xlfn.TEXTBEFORE(_xlfn.TEXTAFTER(D14,CHAR(10)),CHAR(10)&"พระ") -> ๑๙๙ ม.๓ บ้านอูนนา ต.นางัว อ.นาหว้า จ.นครพนม ๔๘๑๘๐ | O14: =YEAR(TODAY())+543 - L14 -> 56 | P14: =VLOOKUP(T14,mapping!C:D,2,0) -> Y | Q14: =IFERROR("อ."&_xlfn.TEXTBEFORE(_xlfn.TEXTAFTER(N14,"อ.")," "),"") -> อ.นาหว้า | R14: =IFERROR("จ."&_xlfn.TEXTBEFORE(_xlfn.TEXTAFTER(N14,"จ.")," "),"") -> จ.นครพนม | S14: =IF(LEFT(C14,4)="สาขา","B", IF(LEFT(C14,4)="สำรอ","R", IF(LEFT(C14,4)="สำรว","S",0))) -> B | T14: =S14&F14 -> B292
A15: =+A14+1 -> 13 | C15: สาขาที่ ๐๓๑ | D15: วัดอุดมวนาสันต์ ๓๖๗ ม.๒ บ้านนาเยีย ต.นาเยีย อ.นาเยีย จ.อุบลราชธานี ๓๔๑๖๐ พระครูอุดมวนานุรักษ์ (สมหมาย ปิยธมฺโม) อุปสมบท เมื่ออายุ ๒๐ ปี วันที่ ๒๑ มิถุนายน ๒๕๑๔ (ผู้รับรอง) - (๐๘๗) ๒๕๘-๕๒๔๕,๐๔๕๓๐๖๐๘๒, | E15: =_xlfn.LET(_xlpm.x,C15, SUBSTITUTE(SUBSTITUTE(SUBSTITUTE(SUBSTITUTE(SUBSTITUTE( SUBSTITUTE(SUBSTITUTE(SUBSTITUTE(SUBSTITUTE(SUBSTITUTE( _xlpm.x,"๐","0"),"๑","1"),"๒","2"),"๓","3"),"๔","4"), "๕","5"),"๖","6"),"๗","7"),"๘","8"),"๙","9")) -> สาขาที่ 031 | F15: 31 | G15: =_xlfn.TEXTBEFORE(D15,CHAR(10)) -> วัดอุดมวนาสันต์ | H15: =TRIM(_xlfn.TEXTBEFORE(MID(D15,SEARCH("พระ",D15),100),CHAR(10))) -> พระครูอุดมวนานุรักษ์ (สมหมาย ปิยธมฺโม) | I15: =VALUE(SUBSTITUTE(SUBSTITUTE(SUBSTITUTE(SUBSTITUTE(SUBSTITUTE(SUBSTITUTE(SUBSTITUTE(SUBSTITUTE(SUBSTITUTE(SUBSTITUTE(_xlfn.TEXTBEFORE(_xlfn.TEXTAFTER(D15,"เมื่ออายุ "), " ปี"),"๐","0"),"๑","1"),"๒","2"),"๓","3"),"๔","4"),"๕","5"),"๖","6"),"๗","7"),"๘","8"),"๙","9")) -> 20 | J15: =VALUE(SUBSTITUTE(SUBSTITUTE(SUBSTITUTE(SUBSTITUTE(SUBSTITUTE(SUBSTITUTE(SUBSTITUTE(SUBSTITUTE(SUBSTITUTE(SUBSTITUTE(_xlfn.TEXTBEFORE(_xlfn.TEXTAFTER(D15,"วันที่ "), " "),"๐","0"),"๑","1"),"๒","2"),"๓","3"),"๔","4"),"๕","5"),"๖","6"),"๗","7"),"๘","8"),"๙","9")) -> 21 | K15: =_xlfn.TEXTBEFORE(_xlfn.TEXTAFTER(D15,"วันที่ "&_xlfn.TEXTBEFORE(_xlfn.TEXTAFTER(D15,"วันที่ "), " ")&" "), " ") -> มิถุนายน | L15: =VALUE(SUBSTITUTE(SUBSTITUTE(SUBSTITUTE(SUBSTITUTE(SUBSTITUTE(SUBSTITUTE(SUBSTITUTE(SUBSTITUTE(SUBSTITUTE(SUBSTITUTE(_xlfn.TEXTBEFORE(_xlfn.TEXTAFTER(_xlfn.TEXTAFTER(D15,"วันที่ ")," "&_xlfn.TEXTBEFORE(_xlfn.TEXTAFTER(D15,"วันที่ "&_xlfn.TEXTBEFORE(_xlfn.TEXTAFTER(D15,"วันที่ "), " ")&" "), " ")&" "), " "),"๐","0"),"๑","1"),"๒","2"),"๓","3"),"๔","4"),"๕","5"),"๖","6"),"๗","7"),"๘","8"),"๙","9")) -> 2514 | M15: =SUBSTITUTE(SUBSTITUTE(SUBSTITUTE(SUBSTITUTE(_xlfn.TEXTBEFORE(SUBSTITUTE(SUBSTITUTE(SUBSTITUTE(SUBSTITUTE(SUBSTITUTE(SUBSTITUTE(SUBSTITUTE(SUBSTITUTE(SUBSTITUTE(SUBSTITUTE(_xlfn.TEXTAFTER(D15,"- "),"๐","0"),"๑","1"),"๒","2"),"๓","3"),"๔","4"),"๕","5"),"๖","6"),"๗","7"),"๘","8"),"๙","9"),","),"(",""),")",""),"-","")," ","") -> 0872585245 | N15: =_xlfn.TEXTBEFORE(_xlfn.TEXTAFTER(D15,CHAR(10)),CHAR(10)&"พระ") -> ๓๖๗ ม.๒ บ้านนาเยีย ต.นาเยีย อ.นาเยีย จ.อุบลราชธานี ๓๔๑๖๐ | O15: =YEAR(TODAY())+543 - L15 -> 55 | P15: =VLOOKUP(T15,mapping!C:D,2,0) -> Y | Q15: =IFERROR("อ."&_xlfn.TEXTBEFORE(_xlfn.TEXTAFTER(N15,"อ.")," "),"") -> อ.นาเยีย | R15: =IFERROR("จ."&_xlfn.TEXTBEFORE(_xlfn.TEXTAFTER(N15,"จ.")," "),"") -> จ.อุบลราชธานี | S15: =IF(LEFT(C15,4)="สาขา","B", IF(LEFT(C15,4)="สำรอ","R", IF(LEFT(C15,4)="สำรว","S",0))) -> B | T15: =S15&F15 -> B31
A16: =+A15+1 -> 14 | C16: สาขาที่ ๐๘๒ | D16: วัดเขาวันชัยนวรัตน์ ๗๖/๔ ม.๑๑ บ้านเกาะแก้ว ต.ปากช่อง อ.ปากช่อง จ.นครราชสีมา ๓๐๑๓๐ พระครูภาวนาอุดมคุณ (โสภา อุตฺตโม) อุปสมบท เมื่ออายุ ๒๕ ปี วันที่ ๖ เมษายน ๒๕๑๕ (ผู้รับรอง) ๐๘๑๘๗๙ ๓๒๘๘,- (๐๘๑) ๘๗๙-๓๒๘๘, | E16: =_xlfn.LET(_xlpm.x,C16, SUBSTITUTE(SUBSTITUTE(SUBSTITUTE(SUBSTITUTE(SUBSTITUTE( SUBSTITUTE(SUBSTITUTE(SUBSTITUTE(SUBSTITUTE(SUBSTITUTE( _xlpm.x,"๐","0"),"๑","1"),"๒","2"),"๓","3"),"๔","4"), "๕","5"),"๖","6"),"๗","7"),"๘","8"),"๙","9")) -> สาขาที่ 082 | F16: 82 | G16: =_xlfn.TEXTBEFORE(D16,CHAR(10)) -> วัดเขาวันชัยนวรัตน์ | H16: =TRIM(_xlfn.TEXTBEFORE(MID(D16,SEARCH("พระ",D16),100),CHAR(10))) -> พระครูภาวนาอุดมคุณ (โสภา อุตฺตโม) | I16: =VALUE(SUBSTITUTE(SUBSTITUTE(SUBSTITUTE(SUBSTITUTE(SUBSTITUTE(SUBSTITUTE(SUBSTITUTE(SUBSTITUTE(SUBSTITUTE(SUBSTITUTE(_xlfn.TEXTBEFORE(_xlfn.TEXTAFTER(D16,"เมื่ออายุ "), " ปี"),"๐","0"),"๑","1"),"๒","2"),"๓","3"),"๔","4"),"๕","5"),"๖","6"),"๗","7"),"๘","8"),"๙","9")) -> 25 | J16: =VALUE(SUBSTITUTE(SUBSTITUTE(SUBSTITUTE(SUBSTITUTE(SUBSTITUTE(SUBSTITUTE(SUBSTITUTE(SUBSTITUTE(SUBSTITUTE(SUBSTITUTE(_xlfn.TEXTBEFORE(_xlfn.TEXTAFTER(D16,"วันที่ "), " "),"๐","0"),"๑","1"),"๒","2"),"๓","3"),"๔","4"),"๕","5"),"๖","6"),"๗","7"),"๘","8"),"๙","9")) -> 6 | K16: =_xlfn.TEXTBEFORE(_xlfn.TEXTAFTER(D16,"วันที่ "&_xlfn.TEXTBEFORE(_xlfn.TEXTAFTER(D16,"วันที่ "), " ")&" "), " ") -> เมษายน | L16: =VALUE(SUBSTITUTE(SUBSTITUTE(SUBSTITUTE(SUBSTITUTE(SUBSTITUTE(SUBSTITUTE(SUBSTITUTE(SUBSTITUTE(SUBSTITUTE(SUBSTITUTE(_xlfn.TEXTBEFORE(_xlfn.TEXTAFTER(_xlfn.TEXTAFTER(D16,"วันที่ ")," "&_xlfn.TEXTBEFORE(_xlfn.TEXTAFTER(D16,"วันที่ "&_xlfn.TEXTBEFORE(_xlfn.TEXTAFTER(D16,"วันที่ "), " ")&" "), " ")&" "), " "),"๐","0"),"๑","1"),"๒","2"),"๓","3"),"๔","4"),"๕","5"),"๖","6"),"๗","7"),"๘","8"),"๙","9")) -> 2515 | M16: =SUBSTITUTE(SUBSTITUTE(SUBSTITUTE(SUBSTITUTE(_xlfn.TEXTBEFORE(SUBSTITUTE(SUBSTITUTE(SUBSTITUTE(SUBSTITUTE(SUBSTITUTE(SUBSTITUTE(SUBSTITUTE(SUBSTITUTE(SUBSTITUTE(SUBSTITUTE(_xlfn.TEXTAFTER(D16,"- "),"๐","0"),"๑","1"),"๒","2"),"๓","3"),"๔","4"),"๕","5"),"๖","6"),"๗","7"),"๘","8"),"๙","9"),","),"(",""),")",""),"-","")," ","") -> 0818793288 | N16: =_xlfn.TEXTBEFORE(_xlfn.TEXTAFTER(D16,CHAR(10)),CHAR(10)&"พระ") -> ๗๖/๔ ม.๑๑ บ้านเกาะแก้ว ต.ปากช่อง อ.ปากช่อง จ.นครราชสีมา ๓๐๑๓๐ | O16: =YEAR(TODAY())+543 - L16 -> 54 | P16: =VLOOKUP(T16,mapping!C:D,2,0) -> Y | Q16: =IFERROR("อ."&_xlfn.TEXTBEFORE(_xlfn.TEXTAFTER(N16,"อ.")," "),"") -> อ.ปากช่อง | R16: =IFERROR("จ."&_xlfn.TEXTBEFORE(_xlfn.TEXTAFTER(N16,"จ.")," "),"") -> จ.นครราชสีมา | S16: =IF(LEFT(C16,4)="สาขา","B", IF(LEFT(C16,4)="สำรอ","R", IF(LEFT(C16,4)="สำรว","S",0))) -> B | T16: =S16&F16 -> B82
A17: =+A16+1 -> 15 | C17: สาขาที่ ๐๑๒ | D17: วัดป่าหนองแวง ๒๔๔ หมู่ที่ ๔ บ้านหนองแวง ต.หนองแวง อ.กันทรารมย์ จ.ศรีสะเกษ ๓๓๑๓๐ พระครูนิมิตวิริยานุกูล (สุบิน อุตฺตโม) อุปสมบท เมื่ออายุ ๒๓ ปี วันที่ ๑๙ มกราคม ๒๕๑๖ (ผู้รับรอง) ๐๘๑๘๗๘ ๒๘๔๒, | E17: =_xlfn.LET(_xlpm.x,C17, SUBSTITUTE(SUBSTITUTE(SUBSTITUTE(SUBSTITUTE(SUBSTITUTE( SUBSTITUTE(SUBSTITUTE(SUBSTITUTE(SUBSTITUTE(SUBSTITUTE( _xlpm.x,"๐","0"),"๑","1"),"๒","2"),"๓","3"),"๔","4"), "๕","5"),"๖","6"),"๗","7"),"๘","8"),"๙","9")) -> สาขาที่ 012 | F17: 12 | G17: =_xlfn.TEXTBEFORE(D17,CHAR(10)) -> วัดป่าหนองแวง | H17: =TRIM(_xlfn.TEXTBEFORE(MID(D17,SEARCH("พระ",D17),100),CHAR(10))) -> พระครูนิมิตวิริยานุกูล (สุบิน อุตฺตโม) | I17: =VALUE(SUBSTITUTE(SUBSTITUTE(SUBSTITUTE(SUBSTITUTE(SUBSTITUTE(SUBSTITUTE(SUBSTITUTE(SUBSTITUTE(SUBSTITUTE(SUBSTITUTE(_xlfn.TEXTBEFORE(_xlfn.TEXTAFTER(D17,"เมื่ออายุ "), " ปี"),"๐","0"),"๑","1"),"๒","2"),"๓","3"),"๔","4"),"๕","5"),"๖","6"),"๗","7"),"๘","8"),"๙","9")) -> 23 | J17: =VALUE(SUBSTITUTE(SUBSTITUTE(SUBSTITUTE(SUBSTITUTE(SUBSTITUTE(SUBSTITUTE(SUBSTITUTE(SUBSTITUTE(SUBSTITUTE(SUBSTITUTE(_xlfn.TEXTBEFORE(_xlfn.TEXTAFTER(D17,"วันที่ "), " "),"๐","0"),"๑","1"),"๒","2"),"๓","3"),"๔","4"),"๕","5"),"๖","6"),"๗","7"),"๘","8"),"๙","9")) -> 19 | K17: =_xlfn.TEXTBEFORE(_xlfn.TEXTAFTER(D17,"วันที่ "&_xlfn.TEXTBEFORE(_xlfn.TEXTAFTER(D17,"วันที่ "), " ")&" "), " ") -> มกราคม | L17: =VALUE(SUBSTITUTE(SUBSTITUTE(SUBSTITUTE(SUBSTITUTE(SUBSTITUTE(SUBSTITUTE(SUBSTITUTE(SUBSTITUTE(SUBSTITUTE(SUBSTITUTE(_xlfn.TEXTBEFORE(_xlfn.TEXTAFTER(_xlfn.TEXTAFTER(D17,"วันที่ ")," "&_xlfn.TEXTBEFORE(_xlfn.TEXTAFTER(D17,"วันที่ "&_xlfn.TEXTBEFORE(_xlfn.TEXTAFTER(D17,"วันที่ "), " ")&" "), " ")&" "), " "),"๐","0"),"๑","1"),"๒","2"),"๓","3"),"๔","4"),"๕","5"),"๖","6"),"๗","7"),"๘","8"),"๙","9")) -> 2516 | M17: =SUBSTITUTE( _xlfn.TEXTBEFORE( SUBSTITUTE(SUBSTITUTE(SUBSTITUTE(SUBSTITUTE(SUBSTITUTE( SUBSTITUTE(SUBSTITUTE(SUBSTITUTE(SUBSTITUTE(SUBSTITUTE( _xlfn.TEXTAFTER(D17,CHAR(10),-1), "๐","0"),"๑","1"),"๒","2"),"๓","3"),"๔","4"), "๕","5"),"๖","6"),"๗","7"),"๘","8"),"๙","9"),",",-1)," ","") -> 0818782842 | N17: =_xlfn.TEXTBEFORE(_xlfn.TEXTAFTER(D17,CHAR(10)),CHAR(10)&"พระ") -> ๒๔๔ หมู่ที่ ๔ บ้านหนองแวง ต.หนองแวง อ.กันทรารมย์ จ.ศรีสะเกษ ๓๓๑๓๐ | O17: =YEAR(TODAY())+543 - L17 -> 53 | P17: =VLOOKUP(T17,mapping!C:D,2,0) -> Y | Q17: =IFERROR("อ."&_xlfn.TEXTBEFORE(_xlfn.TEXTAFTER(N17,"อ.")," "),"") -> อ.กันทรารมย์ | R17: =IFERROR("จ."&_xlfn.TEXTBEFORE(_xlfn.TEXTAFTER(N17,"จ.")," "),"") -> จ.ศรีสะเกษ | S17: =IF(LEFT(C17,4)="สาขา","B", IF(LEFT(C17,4)="สำรอ","R", IF(LEFT(C17,4)="สำรว","S",0))) -> B | T17: =S17&F17 -> B12
A18: =+A17+1 -> 16 | C18: สาขาที่ ๐๖๗ | D18: วัดป่าพิทักษ์ธรรม ๗๖ ม.๑๕ บ้านถาวรพัฒนา ต.นิคม อ.พิมาย จ.นครราชสีมา ๓๐๑๑๐ พระครูสุธรรมประโชติ (คำผอง ฐิตปุญโญ) อุปสมบท เมื่ออายุ ๒๓ ปี วันที่ ๒ มิถุนายน ๒๕๑๗ (ผู้รับรอง) - (๐๘๑) ๘๗๘-๐๓๔๑,- (๐๘๖) ๑๐๖-๓๑๓๓, | E18: =_xlfn.LET(_xlpm.x,C18, SUBSTITUTE(SUBSTITUTE(SUBSTITUTE(SUBSTITUTE(SUBSTITUTE( SUBSTITUTE(SUBSTITUTE(SUBSTITUTE(SUBSTITUTE(SUBSTITUTE( _xlpm.x,"๐","0"),"๑","1"),"๒","2"),"๓","3"),"๔","4"), "๕","5"),"๖","6"),"๗","7"),"๘","8"),"๙","9")) -> สาขาที่ 067 | F18: 67 | G18: =_xlfn.TEXTBEFORE(D18,CHAR(10)) -> วัดป่าพิทักษ์ธรรม | H18: =TRIM(_xlfn.TEXTBEFORE(MID(D18,SEARCH("พระ",D18),100),CHAR(10))) -> พระครูสุธรรมประโชติ (คำผอง ฐิตปุญโญ) | I18: =VALUE(SUBSTITUTE(SUBSTITUTE(SUBSTITUTE(SUBSTITUTE(SUBSTITUTE(SUBSTITUTE(SUBSTITUTE(SUBSTITUTE(SUBSTITUTE(SUBSTITUTE(_xlfn.TEXTBEFORE(_xlfn.TEXTAFTER(D18,"เมื่ออายุ "), " ปี"),"๐","0"),"๑","1"),"๒","2"),"๓","3"),"๔","4"),"๕","5"),"๖","6"),"๗","7"),"๘","8"),"๙","9")) -> 23 | J18: =VALUE(SUBSTITUTE(SUBSTITUTE(SUBSTITUTE(SUBSTITUTE(SUBSTITUTE(SUBSTITUTE(SUBSTITUTE(SUBSTITUTE(SUBSTITUTE(SUBSTITUTE(_xlfn.TEXTBEFORE(_xlfn.TEXTAFTER(D18,"วันที่ "), " "),"๐","0"),"๑","1"),"๒","2"),"๓","3"),"๔","4"),"๕","5"),"๖","6"),"๗","7"),"๘","8"),"๙","9")) -> 2 | K18: =_xlfn.TEXTBEFORE(_xlfn.TEXTAFTER(D18,"วันที่ "&_xlfn.TEXTBEFORE(_xlfn.TEXTAFTER(D18,"วันที่ "), " ")&" "), " ") -> มิถุนายน | L18: =VALUE(SUBSTITUTE(SUBSTITUTE(SUBSTITUTE(SUBSTITUTE(SUBSTITUTE(SUBSTITUTE(SUBSTITUTE(SUBSTITUTE(SUBSTITUTE(SUBSTITUTE(_xlfn.TEXTBEFORE(_xlfn.TEXTAFTER(_xlfn.TEXTAFTER(D18,"วันที่ ")," "&_xlfn.TEXTBEFORE(_xlfn.TEXTAFTER(D18,"วันที่ "&_xlfn.TEXTBEFORE(_xlfn.TEXTAFTER(D18,"วันที่ "), " ")&" "), " ")&" "), " "),"๐","0"),"๑","1"),"๒","2"),"๓","3"),"๔","4"),"๕","5"),"๖","6"),"๗","7"),"๘","8"),"๙","9")) -> 2517 | M18: =SUBSTITUTE(SUBSTITUTE(SUBSTITUTE(SUBSTITUTE(_xlfn.TEXTBEFORE(SUBSTITUTE(SUBSTITUTE(SUBSTITUTE(SUBSTITUTE(SUBSTITUTE(SUBSTITUTE(SUBSTITUTE(SUBSTITUTE(SUBSTITUTE(SUBSTITUTE(_xlfn.TEXTAFTER(D18,"- "),"๐","0"),"๑","1"),"๒","2"),"๓","3"),"๔","4"),"๕","5"),"๖","6"),"๗","7"),"๘","8"),"๙","9"),","),"(",""),")",""),"-","")," ","") -> 0818780341 | N18: =_xlfn.TEXTBEFORE(_xlfn.TEXTAFTER(D18,CHAR(10)),CHAR(10)&"พระ") -> ๗๖ ม.๑๕ บ้านถาวรพัฒนา ต.นิคม อ.พิมาย จ.นครราชสีมา ๓๐๑๑๐ | O18: =YEAR(TODAY())+543 - L18 -> 52 | P18: =VLOOKUP(T18,mapping!C:D,2,0) -> Y | Q18: =IFERROR("อ."&_xlfn.TEXTBEFORE(_xlfn.TEXTAFTER(N18,"อ.")," "),"") -> อ.พิมาย | R18: =IFERROR("จ."&_xlfn.TEXTBEFORE(_xlfn.TEXTAFTER(N18,"จ.")," "),"") -> จ.นครราชสีมา | S18: =IF(LEFT(C18,4)="สาขา","B", IF(LEFT(C18,4)="สำรอ","R", IF(LEFT(C18,4)="สำรว","S",0))) -> B | T18: =S18&F18 -> B67
A19: =+A18+1 -> 17 | C19: สาขาที่ ๑๔๔ | D19: วัดป่าดอนจิก (ดงตาปู่) ๓๗๑ หมู่ที่ ๑ ต.ดอนจิก อ.พิบูลมังสาหาร จ.อุบลราชธานี ๓๔๑๑๐ พระครูปลัดคำพันธ์ ฐิตธมฺโม อุปสมบท เมื่ออายุ ๒๕ ปี วันที่ ๒ มิถุนายน ๒๕๑๗ (ผู้รับรอง) - (๐๘๑) ๒๖๖-๐๖๙๑, | E19: =_xlfn.LET(_xlpm.x,C19, SUBSTITUTE(SUBSTITUTE(SUBSTITUTE(SUBSTITUTE(SUBSTITUTE( SUBSTITUTE(SUBSTITUTE(SUBSTITUTE(SUBSTITUTE(SUBSTITUTE( _xlpm.x,"๐","0"),"๑","1"),"๒","2"),"๓","3"),"๔","4"), "๕","5"),"๖","6"),"๗","7"),"๘","8"),"๙","9")) -> สาขาที่ 144 | F19: 144 | G19: =_xlfn.TEXTBEFORE(D19,CHAR(10)) -> วัดป่าดอนจิก (ดงตาปู่) | H19: =TRIM(_xlfn.TEXTBEFORE(MID(D19,SEARCH("พระ",D19),100),CHAR(10))) -> พระครูปลัดคำพันธ์ ฐิตธมฺโม | I19: =VALUE(SUBSTITUTE(SUBSTITUTE(SUBSTITUTE(SUBSTITUTE(SUBSTITUTE(SUBSTITUTE(SUBSTITUTE(SUBSTITUTE(SUBSTITUTE(SUBSTITUTE(_xlfn.TEXTBEFORE(_xlfn.TEXTAFTER(D19,"เมื่ออายุ "), " ปี"),"๐","0"),"๑","1"),"๒","2"),"๓","3"),"๔","4"),"๕","5"),"๖","6"),"๗","7"),"๘","8"),"๙","9")) -> 25 | J19: =VALUE(SUBSTITUTE(SUBSTITUTE(SUBSTITUTE(SUBSTITUTE(SUBSTITUTE(SUBSTITUTE(SUBSTITUTE(SUBSTITUTE(SUBSTITUTE(SUBSTITUTE(_xlfn.TEXTBEFORE(_xlfn.TEXTAFTER(D19,"วันที่ "), " "),"๐","0"),"๑","1"),"๒","2"),"๓","3"),"๔","4"),"๕","5"),"๖","6"),"๗","7"),"๘","8"),"๙","9")) -> 2 | K19: =_xlfn.TEXTBEFORE(_xlfn.TEXTAFTER(D19,"วันที่ "&_xlfn.TEXTBEFORE(_xlfn.TEXTAFTER(D19,"วันที่ "), " ")&" "), " ") -> มิถุนายน | L19: =VALUE(SUBSTITUTE(SUBSTITUTE(SUBSTITUTE(SUBSTITUTE(SUBSTITUTE(SUBSTITUTE(SUBSTITUTE(SUBSTITUTE(SUBSTITUTE(SUBSTITUTE(_xlfn.TEXTBEFORE(_xlfn.TEXTAFTER(_xlfn.TEXTAFTER(D19,"วันที่ ")," "&_xlfn.TEXTBEFORE(_xlfn.TEXTAFTER(D19,"วันที่ "&_xlfn.TEXTBEFORE(_xlfn.TEXTAFTER(D19,"วันที่ "), " ")&" "), " ")&" "), " "),"๐","0"),"๑","1"),"๒","2"),"๓","3"),"๔","4"),"๕","5"),"๖","6"),"๗","7"),"๘","8"),"๙","9")) -> 2517 | M19: =SUBSTITUTE(SUBSTITUTE(SUBSTITUTE(SUBSTITUTE(_xlfn.TEXTBEFORE(SUBSTITUTE(SUBSTITUTE(SUBSTITUTE(SUBSTITUTE(SUBSTITUTE(SUBSTITUTE(SUBSTITUTE(SUBSTITUTE(SUBSTITUTE(SUBSTITUTE(_xlfn.TEXTAFTER(D19,"- "),"๐","0"),"๑","1"),"๒","2"),"๓","3"),"๔","4"),"๕","5"),"๖","6"),"๗","7"),"๘","8"),"๙","9"),","),"(",""),")",""),"-","")," ","") -> 0812660691 | N19: =_xlfn.TEXTBEFORE(_xlfn.TEXTAFTER(D19,CHAR(10)),CHAR(10)&"พระ") -> ๓๗๑ หมู่ที่ ๑ ต.ดอนจิก อ.พิบูลมังสาหาร จ.อุบลราชธานี ๓๔๑๑๐ | O19: =YEAR(TODAY())+543 - L19 -> 52 | P19: =VLOOKUP(T19,mapping!C:D,2,0) -> Y | Q19: =IFERROR("อ."&_xlfn.TEXTBEFORE(_xlfn.TEXTAFTER(N19,"อ.")," "),"") -> อ.พิบูลมังสาหาร | R19: =IFERROR("จ."&_xlfn.TEXTBEFORE(_xlfn.TEXTAFTER(N19,"จ.")," "),"") -> จ.อุบลราชธานี | S19: =IF(LEFT(C19,4)="สาขา","B", IF(LEFT(C19,4)="สำรอ","R", IF(LEFT(C19,4)="สำรว","S",0))) -> B | T19: =S19&F19 -> B144
A20: =+A19+1 -> 18 | C20: สาขาที่ ๐๕๕ | D20: วัดป่าเขาหินตัด ๒๔/๙ ม.๕ บ้านคลองตะแบก ต.ลาดบัวขาว อ.สีคิ้ว จ.นครราชสีมา ๓๐๓๔๐ พระครูบรรพตบุญโญภาส (สมภาส อธิปุญฺโญ) อุปสมบท เมื่ออายุ ๒๑ ปี วันที่ ๒๐ กรกฎาคม ๒๕๑๘ (ผู้รับรอง) - (๐๘๑) ๙๖๗-๐๔๗๒, | E20: =_xlfn.LET(_xlpm.x,C20, SUBSTITUTE(SUBSTITUTE(SUBSTITUTE(SUBSTITUTE(SUBSTITUTE( SUBSTITUTE(SUBSTITUTE(SUBSTITUTE(SUBSTITUTE(SUBSTITUTE( _xlpm.x,"๐","0"),"๑","1"),"๒","2"),"๓","3"),"๔","4"), "๕","5"),"๖","6"),"๗","7"),"๘","8"),"๙","9")) -> สาขาที่ 055 | F20: 55 | G20: =_xlfn.TEXTBEFORE(D20,CHAR(10)) -> วัดป่าเขาหินตัด | H20: =TRIM(_xlfn.TEXTBEFORE(MID(D20,SEARCH("พระ",D20),100),CHAR(10))) -> พระครูบรรพตบุญโญภาส (สมภาส อธิปุญฺโญ) | I20: =VALUE(SUBSTITUTE(SUBSTITUTE(SUBSTITUTE(SUBSTITUTE(SUBSTITUTE(SUBSTITUTE(SUBSTITUTE(SUBSTITUTE(SUBSTITUTE(SUBSTITUTE(_xlfn.TEXTBEFORE(_xlfn.TEXTAFTER(D20,"เมื่ออายุ "), " ปี"),"๐","0"),"๑","1"),"๒","2"),"๓","3"),"๔","4"),"๕","5"),"๖","6"),"๗","7"),"๘","8"),"๙","9")) -> 21 | J20: =VALUE(SUBSTITUTE(SUBSTITUTE(SUBSTITUTE(SUBSTITUTE(SUBSTITUTE(SUBSTITUTE(SUBSTITUTE(SUBSTITUTE(SUBSTITUTE(SUBSTITUTE(_xlfn.TEXTBEFORE(_xlfn.TEXTAFTER(D20,"วันที่ "), " "),"๐","0"),"๑","1"),"๒","2"),"๓","3"),"๔","4"),"๕","5"),"๖","6"),"๗","7"),"๘","8"),"๙","9")) -> 20 | K20: =_xlfn.TEXTBEFORE(_xlfn.TEXTAFTER(D20,"วันที่ "&_xlfn.TEXTBEFORE(_xlfn.TEXTAFTER(D20,"วันที่ "), " ")&" "), " ") -> กรกฎาคม | L20: =VALUE(SUBSTITUTE(SUBSTITUTE(SUBSTITUTE(SUBSTITUTE(SUBSTITUTE(SUBSTITUTE(SUBSTITUTE(SUBSTITUTE(SUBSTITUTE(SUBSTITUTE(_xlfn.TEXTBEFORE(_xlfn.TEXTAFTER(_xlfn.TEXTAFTER(D20,"วันที่ ")," "&_xlfn.TEXTBEFORE(_xlfn.TEXTAFTER(D20,"วันที่ "&_xlfn.TEXTBEFORE(_xlfn.TEXTAFTER(D20,"วันที่ "), " ")&" "), " ")&" "), " "),"๐","0"),"๑","1"),"๒","2"),"๓","3"),"๔","4"),"๕","5"),"๖","6"),"๗","7"),"๘","8"),"๙","9")) -> 2518 | M20: =SUBSTITUTE(SUBSTITUTE(SUBSTITUTE(SUBSTITUTE(_xlfn.TEXTBEFORE(SUBSTITUTE(SUBSTITUTE(SUBSTITUTE(SUBSTITUTE(SUBSTITUTE(SUBSTITUTE(SUBSTITUTE(SUBSTITUTE(SUBSTITUTE(SUBSTITUTE(_xlfn.TEXTAFTER(D20,"- "),"๐","0"),"๑","1"),"๒","2"),"๓","3"),"๔","4"),"๕","5"),"๖","6"),"๗","7"),"๘","8"),"๙","9"),","),"(",""),")",""),"-","")," ","") -> 0819670472 | N20: =_xlfn.TEXTBEFORE(_xlfn.TEXTAFTER(D20,CHAR(10)),CHAR(10)&"พระ") -> ๒๔/๙ ม.๕ บ้านคลองตะแบก ต.ลาดบัวขาว อ.สีคิ้ว จ.นครราชสีมา ๓๐๓๔๐ | O20: =YEAR(TODAY())+543 - L20 -> 51 | P20: =VLOOKUP(T20,mapping!C:D,2,0) -> Y | Q20: =IFERROR("อ."&_xlfn.TEXTBEFORE(_xlfn.TEXTAFTER(N20,"อ.")," "),"") -> อ.สีคิ้ว | R20: =IFERROR("จ."&_xlfn.TEXTBEFORE(_xlfn.TEXTAFTER(N20,"จ.")," "),"") -> จ.นครราชสีมา | S20: =IF(LEFT(C20,4)="สาขา","B", IF(LEFT(C20,4)="สำรอ","R", IF(LEFT(C20,4)="สำรว","S",0))) -> B | T20: =S20&F20 -> B55
A21: =+A20+1 -> 19 | C21: สาขาที่ ๐๓๔ | D21: วัดเลิศสวัสดิ์ ( เขาจันทร์งาม ) ๙ ม.๑๒ บ้านเลิศสวัสดิ์ ต.ลาดบัวขาว อ.สีคิ้ว จ.นครราชสีมา ๓๐๓๔๐ พระครูบวรสีลวัตร (ประเสริฐ รกฺขิตสีโล) อุปสมบท เมื่ออายุ ๒๒ ปี วันที่ ๒๗ กุมภาพันธ์ ๒๕๑๘ (ผู้รับรอง) - (๐๘๗) ๒๕๒-๗๔๙๖, | E21: =_xlfn.LET(_xlpm.x,C21, SUBSTITUTE(SUBSTITUTE(SUBSTITUTE(SUBSTITUTE(SUBSTITUTE( SUBSTITUTE(SUBSTITUTE(SUBSTITUTE(SUBSTITUTE(SUBSTITUTE( _xlpm.x,"๐","0"),"๑","1"),"๒","2"),"๓","3"),"๔","4"), "๕","5"),"๖","6"),"๗","7"),"๘","8"),"๙","9")) -> สาขาที่ 034 | F21: 34 | G21: =_xlfn.TEXTBEFORE(D21,CHAR(10)) -> วัดเลิศสวัสดิ์ ( เขาจันทร์งาม ) | H21: =TRIM(_xlfn.TEXTBEFORE(MID(D21,SEARCH("พระ",D21),100),CHAR(10))) -> พระครูบวรสีลวัตร (ประเสริฐ รกฺขิตสีโล) | I21: =VALUE(SUBSTITUTE(SUBSTITUTE(SUBSTITUTE(SUBSTITUTE(SUBSTITUTE(SUBSTITUTE(SUBSTITUTE(SUBSTITUTE(SUBSTITUTE(SUBSTITUTE(_xlfn.TEXTBEFORE(_xlfn.TEXTAFTER(D21,"เมื่ออายุ "), " ปี"),"๐","0"),"๑","1"),"๒","2"),"๓","3"),"๔","4"),"๕","5"),"๖","6"),"๗","7"),"๘","8"),"๙","9")) -> 22 | J21: =VALUE(SUBSTITUTE(SUBSTITUTE(SUBSTITUTE(SUBSTITUTE(SUBSTITUTE(SUBSTITUTE(SUBSTITUTE(SUBSTITUTE(SUBSTITUTE(SUBSTITUTE(_xlfn.TEXTBEFORE(_xlfn.TEXTAFTER(D21,"วันที่ "), " "),"๐","0"),"๑","1"),"๒","2"),"๓","3"),"๔","4"),"๕","5"),"๖","6"),"๗","7"),"๘","8"),"๙","9")) -> 27 | K21: =_xlfn.TEXTBEFORE(_xlfn.TEXTAFTER(D21,"วันที่ "&_xlfn.TEXTBEFORE(_xlfn.TEXTAFTER(D21,"วันที่ "), " ")&" "), " ") -> กุมภาพันธ์ | L21: =VALUE(SUBSTITUTE(SUBSTITUTE(SUBSTITUTE(SUBSTITUTE(SUBSTITUTE(SUBSTITUTE(SUBSTITUTE(SUBSTITUTE(SUBSTITUTE(SUBSTITUTE(_xlfn.TEXTBEFORE(_xlfn.TEXTAFTER(_xlfn.TEXTAFTER(D21,"วันที่ ")," "&_xlfn.TEXTBEFORE(_xlfn.TEXTAFTER(D21,"วันที่ "&_xlfn.TEXTBEFORE(_xlfn.TEXTAFTER(D21,"วันที่ "), " ")&" "), " ")&" "), " "),"๐","0"),"๑","1"),"๒","2"),"๓","3"),"๔","4"),"๕","5"),"๖","6"),"๗","7"),"๘","8"),"๙","9")) -> 2518 | M21: =SUBSTITUTE(SUBSTITUTE(SUBSTITUTE(SUBSTITUTE(_xlfn.TEXTBEFORE(SUBSTITUTE(SUBSTITUTE(SUBSTITUTE(SUBSTITUTE(SUBSTITUTE(SUBSTITUTE(SUBSTITUTE(SUBSTITUTE(SUBSTITUTE(SUBSTITUTE(_xlfn.TEXTAFTER(D21,"- "),"๐","0"),"๑","1"),"๒","2"),"๓","3"),"๔","4"),"๕","5"),"๖","6"),"๗","7"),"๘","8"),"๙","9"),","),"(",""),")",""),"-","")," ","") -> 0872527496 | N21: =_xlfn.TEXTBEFORE(_xlfn.TEXTAFTER(D21,CHAR(10)),CHAR(10)&"พระ") -> ๙ ม.๑๒ บ้านเลิศสวัสดิ์ ต.ลาดบัวขาว อ.สีคิ้ว จ.นครราชสีมา ๓๐๓๔๐ | O21: =YEAR(TODAY())+543 - L21 -> 51 | P21: =VLOOKUP(T21,mapping!C:D,2,0) -> Y | Q21: =IFERROR("อ."&_xlfn.TEXTBEFORE(_xlfn.TEXTAFTER(N21,"อ.")," "),"") -> อ.สีคิ้ว | R21: =IFERROR("จ."&_xlfn.TEXTBEFORE(_xlfn.TEXTAFTER(N21,"จ.")," "),"") -> จ.นครราชสีมา | S21: =IF(LEFT(C21,4)="สาขา","B", IF(LEFT(C21,4)="สำรอ","R", IF(LEFT(C21,4)="สำรว","S",0))) -> B | T21: =S21&F21 -> B34
A22: =+A21+1 -> 20 | C22: สาขาที่ ๐๔๔ | D22: วัดป่าจิตตภาวนา ๕๐ ม.๕ ต.คูคต อ.ลำลูกกา จ.ปทุมธานี ๑๒๑๓๐ พระราชวชิรมุนี วิ. (ประสพไชย กนฺตสีโล) อุปสมบท เมื่ออายุ ๒๘ ปี วันที่ ๓ กรกฎาคม ๒๕๑๙ (ผู้รับรอง) ๐๒๕๓๒๑๕๔๘,- (๐๘๑) ๘๔๒-๖๖๙๕, | E22: =_xlfn.LET(_xlpm.x,C22, SUBSTITUTE(SUBSTITUTE(SUBSTITUTE(SUBSTITUTE(SUBSTITUTE( SUBSTITUTE(SUBSTITUTE(SUBSTITUTE(SUBSTITUTE(SUBSTITUTE( _xlpm.x,"๐","0"),"๑","1"),"๒","2"),"๓","3"),"๔","4"), "๕","5"),"๖","6"),"๗","7"),"๘","8"),"๙","9")) -> สาขาที่ 044 | F22: 44 | G22: =_xlfn.TEXTBEFORE(D22,CHAR(10)) -> วัดป่าจิตตภาวนา | H22: =TRIM(_xlfn.TEXTBEFORE(MID(D22,SEARCH("พระ",D22),100),CHAR(10))) -> พระราชวชิรมุนี วิ. (ประสพไชย กนฺตสีโล) | I22: =VALUE(SUBSTITUTE(SUBSTITUTE(SUBSTITUTE(SUBSTITUTE(SUBSTITUTE(SUBSTITUTE(SUBSTITUTE(SUBSTITUTE(SUBSTITUTE(SUBSTITUTE(_xlfn.TEXTBEFORE(_xlfn.TEXTAFTER(D22,"เมื่ออายุ "), " ปี"),"๐","0"),"๑","1"),"๒","2"),"๓","3"),"๔","4"),"๕","5"),"๖","6"),"๗","7"),"๘","8"),"๙","9")) -> 28 | J22: =VALUE(SUBSTITUTE(SUBSTITUTE(SUBSTITUTE(SUBSTITUTE(SUBSTITUTE(SUBSTITUTE(SUBSTITUTE(SUBSTITUTE(SUBSTITUTE(SUBSTITUTE(_xlfn.TEXTBEFORE(_xlfn.TEXTAFTER(D22,"วันที่ "), " "),"๐","0"),"๑","1"),"๒","2"),"๓","3"),"๔","4"),"๕","5"),"๖","6"),"๗","7"),"๘","8"),"๙","9")) -> 3 | K22: =_xlfn.TEXTBEFORE(_xlfn.TEXTAFTER(D22,"วันที่ "&_xlfn.TEXTBEFORE(_xlfn.TEXTAFTER(D22,"วันที่ "), " ")&" "), " ") -> กรกฎาคม | L22: =VALUE(SUBSTITUTE(SUBSTITUTE(SUBSTITUTE(SUBSTITUTE(SUBSTITUTE(SUBSTITUTE(SUBSTITUTE(SUBSTITUTE(SUBSTITUTE(SUBSTITUTE(_xlfn.TEXTBEFORE(_xlfn.TEXTAFTER(_xlfn.TEXTAFTER(D22,"วันที่ ")," "&_xlfn.TEXTBEFORE(_xlfn.TEXTAFTER(D22,"วันที่ "&_xlfn.TEXTBEFORE(_xlfn.TEXTAFTER(D22,"วันที่ "), " ")&" "), " ")&" "), " "),"๐","0"),"๑","1"),"๒","2"),"๓","3"),"๔","4"),"๕","5"),"๖","6"),"๗","7"),"๘","8"),"๙","9")) -> 2519 | M22: =SUBSTITUTE(SUBSTITUTE(SUBSTITUTE(SUBSTITUTE(_xlfn.TEXTBEFORE(SUBSTITUTE(SUBSTITUTE(SUBSTITUTE(SUBSTITUTE(SUBSTITUTE(SUBSTITUTE(SUBSTITUTE(SUBSTITUTE(SUBSTITUTE(SUBSTITUTE(_xlfn.TEXTAFTER(D22,"- "),"๐","0"),"๑","1"),"๒","2"),"๓","3"),"๔","4"),"๕","5"),"๖","6"),"๗","7"),"๘","8"),"๙","9"),","),"(",""),")",""),"-","")," ","") -> 0818426695 | N22: =_xlfn.TEXTBEFORE(_xlfn.TEXTAFTER(D22,CHAR(10)),CHAR(10)&"พระ") -> ๕๐ ม.๕ ต.คูคต อ.ลำลูกกา จ.ปทุมธานี ๑๒๑๓๐ | O22: =YEAR(TODAY())+543 - L22 -> 50 | P22: =VLOOKUP(T22,mapping!C:D,2,0) -> Y | Q22: =IFERROR("อ."&_xlfn.TEXTBEFORE(_xlfn.TEXTAFTER(N22,"อ.")," "),"") -> อ.ลำลูกกา | R22: =IFERROR("จ."&_xlfn.TEXTBEFORE(_xlfn.TEXTAFTER(N22,"จ.")," "),"") -> จ.ปทุมธานี | S22: =IF(LEFT(C22,4)="สาขา","B", IF(LEFT(C22,4)="สำรอ","R", IF(LEFT(C22,4)="สำรว","S",0))) -> B | T22: =S22&F22 -> B44
A23: =+A22+1 -> 21 | C23: สาขาที่ ๐๗๓ | D23: วัดมาบจันทร์ ๘/๑ ม.๗ บ้านมาบจันทร์ ต.แกลง อ.เมือง จ.ระยอง ๒๑๑๖๐ พระราชวชิรญาณ (อนันต์ อกิญฺจโน) วิ. ทป. จภ. ๑๓ อุปสมบท เมื่ออายุ ๒๒ ปี วันที่ ๓ กรกฎาคม ๒๕๑๙ (ผู้รับรอง) ๐๘๙๘๓๑ ๕๖๘๙,๐๘๑๙๑๕ ๕๖๔๓, | E23: =_xlfn.LET(_xlpm.x,C23, SUBSTITUTE(SUBSTITUTE(SUBSTITUTE(SUBSTITUTE(SUBSTITUTE( SUBSTITUTE(SUBSTITUTE(SUBSTITUTE(SUBSTITUTE(SUBSTITUTE( _xlpm.x,"๐","0"),"๑","1"),"๒","2"),"๓","3"),"๔","4"), "๕","5"),"๖","6"),"๗","7"),"๘","8"),"๙","9")) -> สาขาที่ 073 | F23: 73 | G23: =_xlfn.TEXTBEFORE(D23,CHAR(10)) -> วัดมาบจันทร์ | H23: =TRIM(_xlfn.TEXTBEFORE(MID(D23,SEARCH("พระ",D23),100),CHAR(10))) -> พระราชวชิรญาณ (อนันต์ อกิญฺจโน) วิ. ทป. จภ. ๑๓ | I23: =VALUE(SUBSTITUTE(SUBSTITUTE(SUBSTITUTE(SUBSTITUTE(SUBSTITUTE(SUBSTITUTE(SUBSTITUTE(SUBSTITUTE(SUBSTITUTE(SUBSTITUTE(_xlfn.TEXTBEFORE(_xlfn.TEXTAFTER(D23,"เมื่ออายุ "), " ปี"),"๐","0"),"๑","1"),"๒","2"),"๓","3"),"๔","4"),"๕","5"),"๖","6"),"๗","7"),"๘","8"),"๙","9")) -> 22 | J23: =VALUE(SUBSTITUTE(SUBSTITUTE(SUBSTITUTE(SUBSTITUTE(SUBSTITUTE(SUBSTITUTE(SUBSTITUTE(SUBSTITUTE(SUBSTITUTE(SUBSTITUTE(_xlfn.TEXTBEFORE(_xlfn.TEXTAFTER(D23,"วันที่ "), " "),"๐","0"),"๑","1"),"๒","2"),"๓","3"),"๔","4"),"๕","5"),"๖","6"),"๗","7"),"๘","8"),"๙","9")) -> 3 | K23: =_xlfn.TEXTBEFORE(_xlfn.TEXTAFTER(D23,"วันที่ "&_xlfn.TEXTBEFORE(_xlfn.TEXTAFTER(D23,"วันที่ "), " ")&" "), " ") -> กรกฎาคม | L23: =VALUE(SUBSTITUTE(SUBSTITUTE(SUBSTITUTE(SUBSTITUTE(SUBSTITUTE(SUBSTITUTE(SUBSTITUTE(SUBSTITUTE(SUBSTITUTE(SUBSTITUTE(_xlfn.TEXTBEFORE(_xlfn.TEXTAFTER(_xlfn.TEXTAFTER(D23,"วันที่ ")," "&_xlfn.TEXTBEFORE(_xlfn.TEXTAFTER(D23,"วันที่ "&_xlfn.TEXTBEFORE(_xlfn.TEXTAFTER(D23,"วันที่ "), " ")&" "), " ")&" "), " "),"๐","0"),"๑","1"),"๒","2"),"๓","3"),"๔","4"),"๕","5"),"๖","6"),"๗","7"),"๘","8"),"๙","9")) -> 2519 | M23: =SUBSTITUTE( _xlfn.TEXTBEFORE( SUBSTITUTE(SUBSTITUTE(SUBSTITUTE(SUBSTITUTE(SUBSTITUTE( SUBSTITUTE(SUBSTITUTE(SUBSTITUTE(SUBSTITUTE(SUBSTITUTE( _xlfn.TEXTAFTER(D23,CHAR(10),-1), "๐","0"),"๑","1"),"๒","2"),"๓","3"),"๔","4"), "๕","5"),"๖","6"),"๗","7"),"๘","8"),"๙","9"),",",-1)," ","") -> 0898315689,0819155643 | N23: =_xlfn.TEXTBEFORE(_xlfn.TEXTAFTER(D23,CHAR(10)),CHAR(10)&"พระ") -> ๘/๑ ม.๗ บ้านมาบจันทร์ ต.แกลง อ.เมือง จ.ระยอง ๒๑๑๖๐ | O23: =YEAR(TODAY())+543 - L23 -> 50 | P23: =VLOOKUP(T23,mapping!C:D,2,0) -> Y | Q23: =IFERROR("อ."&_xlfn.TEXTBEFORE(_xlfn.TEXTAFTER(N23,"อ.")," "),"") -> อ.เมือง | R23: =IFERROR("จ."&_xlfn.TEXTBEFORE(_xlfn.TEXTAFTER(N23,"จ.")," "),"") -> จ.ระยอง | S23: =IF(LEFT(C23,4)="สาขา","B", IF(LEFT(C23,4)="สำรอ","R", IF(LEFT(C23,4)="สำรว","S",0))) -> B | T23: =S23&F23 -> B73
A24: =+A23+1 -> 22 | C24: สาขาที่ ๑๒๓ | D24: วัดภูคำ ๒๐๕ ม.๑๐ บ้านภูคำ ต.ภูเงิน อ.กันทรลักษ์ จ.ศรีสะเกษ ๓๓๑๑๐ พระอธิการสุภาพ สุภาจาโร อุปสมบท เมื่ออายุ ๒๒ ปี วันที่ ๒๔ พฤษภาคม ๒๕๑๙ (ผู้รับรอง) - (๐๘๑) ๐๖๒-๒๒๐๓, | E24: =_xlfn.LET(_xlpm.x,C24, SUBSTITUTE(SUBSTITUTE(SUBSTITUTE(SUBSTITUTE(SUBSTITUTE( SUBSTITUTE(SUBSTITUTE(SUBSTITUTE(SUBSTITUTE(SUBSTITUTE( _xlpm.x,"๐","0"),"๑","1"),"๒","2"),"๓","3"),"๔","4"), "๕","5"),"๖","6"),"๗","7"),"๘","8"),"๙","9")) -> สาขาที่ 123 | F24: 123 | G24: =_xlfn.TEXTBEFORE(D24,CHAR(10)) -> วัดภูคำ | H24: =TRIM(_xlfn.TEXTBEFORE(MID(D24,SEARCH("พระ",D24),100),CHAR(10))) -> พระอธิการสุภาพ สุภาจาโร | I24: =VALUE(SUBSTITUTE(SUBSTITUTE(SUBSTITUTE(SUBSTITUTE(SUBSTITUTE(SUBSTITUTE(SUBSTITUTE(SUBSTITUTE(SUBSTITUTE(SUBSTITUTE(_xlfn.TEXTBEFORE(_xlfn.TEXTAFTER(D24,"เมื่ออายุ "), " ปี"),"๐","0"),"๑","1"),"๒","2"),"๓","3"),"๔","4"),"๕","5"),"๖","6"),"๗","7"),"๘","8"),"๙","9")) -> 22 | J24: =VALUE(SUBSTITUTE(SUBSTITUTE(SUBSTITUTE(SUBSTITUTE(SUBSTITUTE(SUBSTITUTE(SUBSTITUTE(SUBSTITUTE(SUBSTITUTE(SUBSTITUTE(_xlfn.TEXTBEFORE(_xlfn.TEXTAFTER(D24,"วันที่ "), " "),"๐","0"),"๑","1"),"๒","2"),"๓","3"),"๔","4"),"๕","5"),"๖","6"),"๗","7"),"๘","8"),"๙","9")) -> 24 | K24: =_xlfn.TEXTBEFORE(_xlfn.TEXTAFTER(D24,"วันที่ "&_xlfn.TEXTBEFORE(_xlfn.TEXTAFTER(D24,"วันที่ "), " ")&" "), " ") -> พฤษภาคม | L24: =VALUE(SUBSTITUTE(SUBSTITUTE(SUBSTITUTE(SUBSTITUTE(SUBSTITUTE(SUBSTITUTE(SUBSTITUTE(SUBSTITUTE(SUBSTITUTE(SUBSTITUTE(_xlfn.TEXTBEFORE(_xlfn.TEXTAFTER(_xlfn.TEXTAFTER(D24,"วันที่ ")," "&_xlfn.TEXTBEFORE(_xlfn.TEXTAFTER(D24,"วันที่ "&_xlfn.TEXTBEFORE(_xlfn.TEXTAFTER(D24,"วันที่ "), " ")&" "), " ")&" "), " "),"๐","0"),"๑","1"),"๒","2"),"๓","3"),"๔","4"),"๕","5"),"๖","6"),"๗","7"),"๘","8"),"๙","9")) -> 2519 | M24: =SUBSTITUTE(SUBSTITUTE(SUBSTITUTE(SUBSTITUTE(_xlfn.TEXTBEFORE(SUBSTITUTE(SUBSTITUTE(SUBSTITUTE(SUBSTITUTE(SUBSTITUTE(SUBSTITUTE(SUBSTITUTE(SUBSTITUTE(SUBSTITUTE(SUBSTITUTE(_xlfn.TEXTAFTER(D24,"- "),"๐","0"),"๑","1"),"๒","2"),"๓","3"),"๔","4"),"๕","5"),"๖","6"),"๗","7"),"๘","8"),"๙","9"),","),"(",""),")",""),"-","")," ","") -> 0810622203 | N24: =_xlfn.TEXTBEFORE(_xlfn.TEXTAFTER(D24,CHAR(10)),CHAR(10)&"พระ") -> ๒๐๕ ม.๑๐ บ้านภูคำ ต.ภูเงิน อ.กันทรลักษ์ จ.ศรีสะเกษ ๓๓๑๑๐ | O24: =YEAR(TODAY())+543 - L24 -> 50 | P24: =VLOOKUP(T24,mapping!C:D,2,0) -> Y | Q24: =IFERROR("อ."&_xlfn.TEXTBEFORE(_xlfn.TEXTAFTER(N24,"อ.")," "),"") -> อ.กันทรลักษ์ | R24: =IFERROR("จ."&_xlfn.TEXTBEFORE(_xlfn.TEXTAFTER(N24,"จ.")," "),"") -> จ.ศรีสะเกษ | S24: =IF(LEFT(C24,4)="สาขา","B", IF(LEFT(C24,4)="สำรอ","R", IF(LEFT(C24,4)="สำรว","S",0))) -> B | T24: =S24&F24 -> B123
A25: =+A24+1 -> 23 | C25: สาขาที่ ๑๙๖ | D25: วัดป่าภูสิงห์ ๑๙๙ ม.๙ บ้านตะแบงใต้ ต.ห้วยตึ้กชู อ.ภูสิงห์ จ.ศรีสะเกษ ๓๓๑๔๐ พระครูสุตธรรมาภิวัฒน์ (คำทูล กมฺพุทตฺโต) อุปสมบท เมื่ออายุ ๒๑ ปี วันที่ ๕ ธันวาคม ๒๕๑๙ (ผู้รับรอง) - (๐๘๓) ๑๐๑-๔๓๕๖,๐๔๕๖๐๘๐๙๗, | E25: =_xlfn.LET(_xlpm.x,C25, SUBSTITUTE(SUBSTITUTE(SUBSTITUTE(SUBSTITUTE(SUBSTITUTE( SUBSTITUTE(SUBSTITUTE(SUBSTITUTE(SUBSTITUTE(SUBSTITUTE( _xlpm.x,"๐","0"),"๑","1"),"๒","2"),"๓","3"),"๔","4"), "๕","5"),"๖","6"),"๗","7"),"๘","8"),"๙","9")) -> สาขาที่ 196 | F25: 196 | G25: =_xlfn.TEXTBEFORE(D25,CHAR(10)) -> วัดป่าภูสิงห์ | H25: =TRIM(_xlfn.TEXTBEFORE(MID(D25,SEARCH("พระ",D25),100),CHAR(10))) -> พระครูสุตธรรมาภิวัฒน์ (คำทูล กมฺพุทตฺโต) | I25: =VALUE(SUBSTITUTE(SUBSTITUTE(SUBSTITUTE(SUBSTITUTE(SUBSTITUTE(SUBSTITUTE(SUBSTITUTE(SUBSTITUTE(SUBSTITUTE(SUBSTITUTE(_xlfn.TEXTBEFORE(_xlfn.TEXTAFTER(D25,"เมื่ออายุ "), " ปี"),"๐","0"),"๑","1"),"๒","2"),"๓","3"),"๔","4"),"๕","5"),"๖","6"),"๗","7"),"๘","8"),"๙","9")) -> 21 | J25: =VALUE(SUBSTITUTE(SUBSTITUTE(SUBSTITUTE(SUBSTITUTE(SUBSTITUTE(SUBSTITUTE(SUBSTITUTE(SUBSTITUTE(SUBSTITUTE(SUBSTITUTE(_xlfn.TEXTBEFORE(_xlfn.TEXTAFTER(D25,"วันที่ "), " "),"๐","0"),"๑","1"),"๒","2"),"๓","3"),"๔","4"),"๕","5"),"๖","6"),"๗","7"),"๘","8"),"๙","9")) -> 5 | K25: =_xlfn.TEXTBEFORE(_xlfn.TEXTAFTER(D25,"วันที่ "&_xlfn.TEXTBEFORE(_xlfn.TEXTAFTER(D25,"วันที่ "), " ")&" "), " ") -> ธันวาคม | L25: =VALUE(SUBSTITUTE(SUBSTITUTE(SUBSTITUTE(SUBSTITUTE(SUBSTITUTE(SUBSTITUTE(SUBSTITUTE(SUBSTITUTE(SUBSTITUTE(SUBSTITUTE(_xlfn.TEXTBEFORE(_xlfn.TEXTAFTER(_xlfn.TEXTAFTER(D25,"วันที่ ")," "&_xlfn.TEXTBEFORE(_xlfn.TEXTAFTER(D25,"วันที่ "&_xlfn.TEXTBEFORE(_xlfn.TEXTAFTER(D25,"วันที่ "), " ")&" "), " ")&" "), " "),"๐","0"),"๑","1"),"๒","2"),"๓","3"),"๔","4"),"๕","5"),"๖","6"),"๗","7"),"๘","8"),"๙","9")) -> 2519 | M25: =SUBSTITUTE(SUBSTITUTE(SUBSTITUTE(SUBSTITUTE(_xlfn.TEXTBEFORE(SUBSTITUTE(SUBSTITUTE(SUBSTITUTE(SUBSTITUTE(SUBSTITUTE(SUBSTITUTE(SUBSTITUTE(SUBSTITUTE(SUBSTITUTE(SUBSTITUTE(_xlfn.TEXTAFTER(D25,"- "),"๐","0"),"๑","1"),"๒","2"),"๓","3"),"๔","4"),"๕","5"),"๖","6"),"๗","7"),"๘","8"),"๙","9"),","),"(",""),")",""),"-","")," ","") -> 0831014356 | N25: =_xlfn.TEXTBEFORE(_xlfn.TEXTAFTER(D25,CHAR(10)),CHAR(10)&"พระ") -> ๑๙๙ ม.๙ บ้านตะแบงใต้ ต.ห้วยตึ้กชู อ.ภูสิงห์ จ.ศรีสะเกษ ๓๓๑๔๐ | O25: =YEAR(TODAY())+543 - L25 -> 50 | P25: =VLOOKUP(T25,mapping!C:D,2,0) -> Y | Q25: =IFERROR("อ."&_xlfn.TEXTBEFORE(_xlfn.TEXTAFTER(N25,"อ.")," "),"") -> อ.ภูสิงห์ | R25: =IFERROR("จ."&_xlfn.TEXTBEFORE(_xlfn.TEXTAFTER(N25,"จ.")," "),"") -> จ.ศรีสะเกษ | S25: =IF(LEFT(C25,4)="สาขา","B", IF(LEFT(C25,4)="สำรอ","R", IF(LEFT(C25,4)="สำรว","S",0))) -> B | T25: =S25&F25 -> B196
A26: =+A25+1 -> 24 | C26: สาขาที่ ๐๗๐ | D26: วัดป่าดอยธรรมประทีป ๓๕๖ ม.๑๘ บ้านศรีดอนชัย ต.เวียง อ.ฝาง จ.เชียงใหม่ ๕๐๑๑๐ พระครูวิจารณ์ศุภวัตร (บัณฑิต เตชปญฺโญ) อุปสมบท เมื่ออายุ ๒๑ ปี วันที่ ๗ มีนาคม ๒๕๒๐ (ผู้รับรอง) - (๐๘๑) ๒๘๘-๘๖๘๘, | E26: =_xlfn.LET(_xlpm.x,C26, SUBSTITUTE(SUBSTITUTE(SUBSTITUTE(SUBSTITUTE(SUBSTITUTE( SUBSTITUTE(SUBSTITUTE(SUBSTITUTE(SUBSTITUTE(SUBSTITUTE( _xlpm.x,"๐","0"),"๑","1"),"๒","2"),"๓","3"),"๔","4"), "๕","5"),"๖","6"),"๗","7"),"๘","8"),"๙","9")) -> สาขาที่ 070 | F26: 70 | G26: =_xlfn.TEXTBEFORE(D26,CHAR(10)) -> วัดป่าดอยธรรมประทีป | H26: =TRIM(_xlfn.TEXTBEFORE(MID(D26,SEARCH("พระ",D26),100),CHAR(10))) -> พระครูวิจารณ์ศุภวัตร (บัณฑิต เตชปญฺโญ) | I26: =VALUE(SUBSTITUTE(SUBSTITUTE(SUBSTITUTE(SUBSTITUTE(SUBSTITUTE(SUBSTITUTE(SUBSTITUTE(SUBSTITUTE(SUBSTITUTE(SUBSTITUTE(_xlfn.TEXTBEFORE(_xlfn.TEXTAFTER(D26,"เมื่ออายุ "), " ปี"),"๐","0"),"๑","1"),"๒","2"),"๓","3"),"๔","4"),"๕","5"),"๖","6"),"๗","7"),"๘","8"),"๙","9")) -> 21 | J26: =VALUE(SUBSTITUTE(SUBSTITUTE(SUBSTITUTE(SUBSTITUTE(SUBSTITUTE(SUBSTITUTE(SUBSTITUTE(SUBSTITUTE(SUBSTITUTE(SUBSTITUTE(_xlfn.TEXTBEFORE(_xlfn.TEXTAFTER(D26,"วันที่ "), " "),"๐","0"),"๑","1"),"๒","2"),"๓","3"),"๔","4"),"๕","5"),"๖","6"),"๗","7"),"๘","8"),"๙","9")) -> 7 | K26: =_xlfn.TEXTBEFORE(_xlfn.TEXTAFTER(D26,"วันที่ "&_xlfn.TEXTBEFORE(_xlfn.TEXTAFTER(D26,"วันที่ "), " ")&" "), " ") -> มีนาคม | L26: =VALUE(SUBSTITUTE(SUBSTITUTE(SUBSTITUTE(SUBSTITUTE(SUBSTITUTE(SUBSTITUTE(SUBSTITUTE(SUBSTITUTE(SUBSTITUTE(SUBSTITUTE(_xlfn.TEXTBEFORE(_xlfn.TEXTAFTER(_xlfn.TEXTAFTER(D26,"วันที่ ")," "&_xlfn.TEXTBEFORE(_xlfn.TEXTAFTER(D26,"วันที่ "&_xlfn.TEXTBEFORE(_xlfn.TEXTAFTER(D26,"วันที่ "), " ")&" "), " ")&" "), " "),"๐","0"),"๑","1"),"๒","2"),"๓","3"),"๔","4"),"๕","5"),"๖","6"),"๗","7"),"๘","8"),"๙","9")) -> 2520 | M26: =SUBSTITUTE(SUBSTITUTE(SUBSTITUTE(SUBSTITUTE(_xlfn.TEXTBEFORE(SUBSTITUTE(SUBSTITUTE(SUBSTITUTE(SUBSTITUTE(SUBSTITUTE(SUBSTITUTE(SUBSTITUTE(SUBSTITUTE(SUBSTITUTE(SUBSTITUTE(_xlfn.TEXTAFTER(D26,"- "),"๐","0"),"๑","1"),"๒","2"),"๓","3"),"๔","4"),"๕","5"),"๖","6"),"๗","7"),"๘","8"),"๙","9"),","),"(",""),")",""),"-","")," ","") -> 0812888688 | N26: =_xlfn.TEXTBEFORE(_xlfn.TEXTAFTER(D26,CHAR(10)),CHAR(10)&"พระ") -> ๓๕๖ ม.๑๘ บ้านศรีดอนชัย ต.เวียง อ.ฝาง จ.เชียงใหม่ ๕๐๑๑๐ | O26: =YEAR(TODAY())+543 - L26 -> 49 | P26: =VLOOKUP(T26,mapping!C:D,2,0) -> Y | Q26: =IFERROR("อ."&_xlfn.TEXTBEFORE(_xlfn.TEXTAFTER(N26,"อ.")," "),"") -> อ.ฝาง | R26: =IFERROR("จ."&_xlfn.TEXTBEFORE(_xlfn.TEXTAFTER(N26,"จ.")," "),"") -> จ.เชียงใหม่ | S26: =IF(LEFT(C26,4)="สาขา","B", IF(LEFT(C26,4)="สำรอ","R", IF(LEFT(C26,4)="สำรว","S",0))) -> B | T26: =S26&F26 -> B70
A27: =+A26+1 -> 25 | C27: สาขาที่ ๐๘๘ | D27: วัดป่าหนองจิก หมู่ ๗ บ้านหนองจิก ต.เตย อ.ม่วงสามสิบ จ.อุบลราชธานี ๓๔๑๔๐ พระครูอรัญวรกิจ (นิกร อภิชาโต) อุปสมบท เมื่ออายุ ๒๐ ปี วันที่ ๒๑ กรกฎาคม ๒๕๒๐ (ผู้รับรอง) - (๐๘๓) ๓๗๘-๐๕๗๐, | E27: =_xlfn.LET(_xlpm.x,C27, SUBSTITUTE(SUBSTITUTE(SUBSTITUTE(SUBSTITUTE(SUBSTITUTE( SUBSTITUTE(SUBSTITUTE(SUBSTITUTE(SUBSTITUTE(SUBSTITUTE( _xlpm.x,"๐","0"),"๑","1"),"๒","2"),"๓","3"),"๔","4"), "๕","5"),"๖","6"),"๗","7"),"๘","8"),"๙","9")) -> สาขาที่ 088 | F27: 88 | G27: =_xlfn.TEXTBEFORE(D27,CHAR(10)) -> วัดป่าหนองจิก | H27: =TRIM(_xlfn.TEXTBEFORE(MID(D27,SEARCH("พระ",D27),100),CHAR(10))) -> พระครูอรัญวรกิจ (นิกร อภิชาโต) | I27: =VALUE(SUBSTITUTE(SUBSTITUTE(SUBSTITUTE(SUBSTITUTE(SUBSTITUTE(SUBSTITUTE(SUBSTITUTE(SUBSTITUTE(SUBSTITUTE(SUBSTITUTE(_xlfn.TEXTBEFORE(_xlfn.TEXTAFTER(D27,"เมื่ออายุ "), " ปี"),"๐","0"),"๑","1"),"๒","2"),"๓","3"),"๔","4"),"๕","5"),"๖","6"),"๗","7"),"๘","8"),"๙","9")) -> 20 | J27: =VALUE(SUBSTITUTE(SUBSTITUTE(SUBSTITUTE(SUBSTITUTE(SUBSTITUTE(SUBSTITUTE(SUBSTITUTE(SUBSTITUTE(SUBSTITUTE(SUBSTITUTE(_xlfn.TEXTBEFORE(_xlfn.TEXTAFTER(D27,"วันที่ "), " "),"๐","0"),"๑","1"),"๒","2"),"๓","3"),"๔","4"),"๕","5"),"๖","6"),"๗","7"),"๘","8"),"๙","9")) -> 21 | K27: =_xlfn.TEXTBEFORE(_xlfn.TEXTAFTER(D27,"วันที่ "&_xlfn.TEXTBEFORE(_xlfn.TEXTAFTER(D27,"วันที่ "), " ")&" "), " ") -> กรกฎาคม | L27: =VALUE(SUBSTITUTE(SUBSTITUTE(SUBSTITUTE(SUBSTITUTE(SUBSTITUTE(SUBSTITUTE(SUBSTITUTE(SUBSTITUTE(SUBSTITUTE(SUBSTITUTE(_xlfn.TEXTBEFORE(_xlfn.TEXTAFTER(_xlfn.TEXTAFTER(D27,"วันที่ ")," "&_xlfn.TEXTBEFORE(_xlfn.TEXTAFTER(D27,"วันที่ "&_xlfn.TEXTBEFORE(_xlfn.TEXTAFTER(D27,"วันที่ "), " ")&" "), " ")&" "), " "),"๐","0"),"๑","1"),"๒","2"),"๓","3"),"๔","4"),"๕","5"),"๖","6"),"๗","7"),"๘","8"),"๙","9")) -> 2520 | M27: =SUBSTITUTE(SUBSTITUTE(SUBSTITUTE(SUBSTITUTE(_xlfn.TEXTBEFORE(SUBSTITUTE(SUBSTITUTE(SUBSTITUTE(SUBSTITUTE(SUBSTITUTE(SUBSTITUTE(SUBSTITUTE(SUBSTITUTE(SUBSTITUTE(SUBSTITUTE(_xlfn.TEXTAFTER(D27,"- "),"๐","0"),"๑","1"),"๒","2"),"๓","3"),"๔","4"),"๕","5"),"๖","6"),"๗","7"),"๘","8"),"๙","9"),","),"(",""),")",""),"-","")," ","") -> 0833780570 | N27: =_xlfn.TEXTBEFORE(_xlfn.TEXTAFTER(D27,CHAR(10)),CHAR(10)&"พระ") -> หมู่ ๗ บ้านหนองจิก ต.เตย อ.ม่วงสามสิบ จ.อุบลราชธานี ๓๔๑๔๐ | O27: =YEAR(TODAY())+543 - L27 -> 49 | P27: =VLOOKUP(T27,mapping!C:D,2,0) -> Y | Q27: =IFERROR("อ."&_xlfn.TEXTBEFORE(_xlfn.TEXTAFTER(N27,"อ.")," "),"") -> อ.ม่วงสามสิบ | R27: =IFERROR("จ."&_xlfn.TEXTBEFORE(_xlfn.TEXTAFTER(N27,"จ.")," "),"") -> จ.อุบลราชธานี | S27: =IF(LEFT(C27,4)="สาขา","B", IF(LEFT(C27,4)="สำรอ","R", IF(LEFT(C27,4)="สำรว","S",0))) -> B | T27: =S27&F27 -> B88
A28: =+A27+1 -> 26 | C28: สาขาที่ ๐๙๔ | D28: วัดป่าภาวนาราม ๓๗๔/๓ ม.๔ บ้านจัดสรร ต.สามเงา อ.สามเงา จ.ตาก ๖๓๑๓๐ พระครูประโชติพนารักษ์ (ถนอม โชติธมฺโม) อุปสมบท เมื่ออายุ ๒๑ ปี วันที่ ๑๗ มิถุนายน ๒๕๒๐ (ผู้รับรอง) - (๐๘๓) ๐๔๘-๓๐๖๑, | E28: =_xlfn.LET(_xlpm.x,C28, SUBSTITUTE(SUBSTITUTE(SUBSTITUTE(SUBSTITUTE(SUBSTITUTE( SUBSTITUTE(SUBSTITUTE(SUBSTITUTE(SUBSTITUTE(SUBSTITUTE( _xlpm.x,"๐","0"),"๑","1"),"๒","2"),"๓","3"),"๔","4"), "๕","5"),"๖","6"),"๗","7"),"๘","8"),"๙","9")) -> สาขาที่ 094 | F28: 94 | G28: =_xlfn.TEXTBEFORE(D28,CHAR(10)) -> วัดป่าภาวนาราม | H28: =TRIM(_xlfn.TEXTBEFORE(MID(D28,SEARCH("พระ",D28),100),CHAR(10))) -> พระครูประโชติพนารักษ์ (ถนอม โชติธมฺโม) | I28: =VALUE(SUBSTITUTE(SUBSTITUTE(SUBSTITUTE(SUBSTITUTE(SUBSTITUTE(SUBSTITUTE(SUBSTITUTE(SUBSTITUTE(SUBSTITUTE(SUBSTITUTE(_xlfn.TEXTBEFORE(_xlfn.TEXTAFTER(D28,"เมื่ออายุ "), " ปี"),"๐","0"),"๑","1"),"๒","2"),"๓","3"),"๔","4"),"๕","5"),"๖","6"),"๗","7"),"๘","8"),"๙","9")) -> 21 | J28: =VALUE(SUBSTITUTE(SUBSTITUTE(SUBSTITUTE(SUBSTITUTE(SUBSTITUTE(SUBSTITUTE(SUBSTITUTE(SUBSTITUTE(SUBSTITUTE(SUBSTITUTE(_xlfn.TEXTBEFORE(_xlfn.TEXTAFTER(D28,"วันที่ "), " "),"๐","0"),"๑","1"),"๒","2"),"๓","3"),"๔","4"),"๕","5"),"๖","6"),"๗","7"),"๘","8"),"๙","9")) -> 17 | K28: =_xlfn.TEXTBEFORE(_xlfn.TEXTAFTER(D28,"วันที่ "&_xlfn.TEXTBEFORE(_xlfn.TEXTAFTER(D28,"วันที่ "), " ")&" "), " ") -> มิถุนายน | L28: =VALUE(SUBSTITUTE(SUBSTITUTE(SUBSTITUTE(SUBSTITUTE(SUBSTITUTE(SUBSTITUTE(SUBSTITUTE(SUBSTITUTE(SUBSTITUTE(SUBSTITUTE(_xlfn.TEXTBEFORE(_xlfn.TEXTAFTER(_xlfn.TEXTAFTER(D28,"วันที่ ")," "&_xlfn.TEXTBEFORE(_xlfn.TEXTAFTER(D28,"วันที่ "&_xlfn.TEXTBEFORE(_xlfn.TEXTAFTER(D28,"วันที่ "), " ")&" "), " ")&" "), " "),"๐","0"),"๑","1"),"๒","2"),"๓","3"),"๔","4"),"๕","5"),"๖","6"),"๗","7"),"๘","8"),"๙","9")) -> 2520 | M28: =SUBSTITUTE(SUBSTITUTE(SUBSTITUTE(SUBSTITUTE(_xlfn.TEXTBEFORE(SUBSTITUTE(SUBSTITUTE(SUBSTITUTE(SUBSTITUTE(SUBSTITUTE(SUBSTITUTE(SUBSTITUTE(SUBSTITUTE(SUBSTITUTE(SUBSTITUTE(_xlfn.TEXTAFTER(D28,"- "),"๐","0"),"๑","1"),"๒","2"),"๓","3"),"๔","4"),"๕","5"),"๖","6"),"๗","7"),"๘","8"),"๙","9"),","),"(",""),")",""),"-","")," ","") -> 0830483061 | N28: =_xlfn.TEXTBEFORE(_xlfn.TEXTAFTER(D28,CHAR(10)),CHAR(10)&"พระ") -> ๓๗๔/๓ ม.๔ บ้านจัดสรร ต.สามเงา อ.สามเงา จ.ตาก ๖๓๑๓๐ | O28: =YEAR(TODAY())+543 - L28 -> 49 | P28: =VLOOKUP(T28,mapping!C:D,2,0) -> Y | Q28: =IFERROR("อ."&_xlfn.TEXTBEFORE(_xlfn.TEXTAFTER(N28,"อ.")," "),"") -> อ.สามเงา | R28: =IFERROR("จ."&_xlfn.TEXTBEFORE(_xlfn.TEXTAFTER(N28,"จ.")," "),"") -> จ.ตาก | S28: =IF(LEFT(C28,4)="สาขา","B", IF(LEFT(C28,4)="สำรอ","R", IF(LEFT(C28,4)="สำรว","S",0))) -> B | T28: =S28&F28 -> B94
A29: =+A28+1 -> 27 | C29: สาขาที่ ๑๓๙ | D29: วัดป่าภูเกิ้ง ม.๒ บ้านนาสีนวน ต.นาสีนวน อ.เมือง จ.มุกดาหาร ๔๙๐๐๐ พระครูภาวนาถาวรคุณ (นิวรณ์ ถาวโร) อุปสมบท เมื่ออายุ ๒๒ ปี วันที่ ๒๑ กรกฎาคม ๒๕๒๐ (ผู้รับรอง) - (๐๘๑) ๖๐๑-๕๘๕๓, | E29: =_xlfn.LET(_xlpm.x,C29, SUBSTITUTE(SUBSTITUTE(SUBSTITUTE(SUBSTITUTE(SUBSTITUTE( SUBSTITUTE(SUBSTITUTE(SUBSTITUTE(SUBSTITUTE(SUBSTITUTE( _xlpm.x,"๐","0"),"๑","1"),"๒","2"),"๓","3"),"๔","4"), "๕","5"),"๖","6"),"๗","7"),"๘","8"),"๙","9")) -> สาขาที่ 139 | F29: 139 | G29: =_xlfn.TEXTBEFORE(D29,CHAR(10)) -> วัดป่าภูเกิ้ง | H29: =TRIM(_xlfn.TEXTBEFORE(MID(D29,SEARCH("พระ",D29),100),CHAR(10))) -> พระครูภาวนาถาวรคุณ (นิวรณ์ ถาวโร) | I29: =VALUE(SUBSTITUTE(SUBSTITUTE(SUBSTITUTE(SUBSTITUTE(SUBSTITUTE(SUBSTITUTE(SUBSTITUTE(SUBSTITUTE(SUBSTITUTE(SUBSTITUTE(_xlfn.TEXTBEFORE(_xlfn.TEXTAFTER(D29,"เมื่ออายุ "), " ปี"),"๐","0"),"๑","1"),"๒","2"),"๓","3"),"๔","4"),"๕","5"),"๖","6"),"๗","7"),"๘","8"),"๙","9")) -> 22 | J29: =VALUE(SUBSTITUTE(SUBSTITUTE(SUBSTITUTE(SUBSTITUTE(SUBSTITUTE(SUBSTITUTE(SUBSTITUTE(SUBSTITUTE(SUBSTITUTE(SUBSTITUTE(_xlfn.TEXTBEFORE(_xlfn.TEXTAFTER(D29,"วันที่ "), " "),"๐","0"),"๑","1"),"๒","2"),"๓","3"),"๔","4"),"๕","5"),"๖","6"),"๗","7"),"๘","8"),"๙","9")) -> 21 | K29: =_xlfn.TEXTBEFORE(_xlfn.TEXTAFTER(D29,"วันที่ "&_xlfn.TEXTBEFORE(_xlfn.TEXTAFTER(D29,"วันที่ "), " ")&" "), " ") -> กรกฎาคม | L29: =VALUE(SUBSTITUTE(SUBSTITUTE(SUBSTITUTE(SUBSTITUTE(SUBSTITUTE(SUBSTITUTE(SUBSTITUTE(SUBSTITUTE(SUBSTITUTE(SUBSTITUTE(_xlfn.TEXTBEFORE(_xlfn.TEXTAFTER(_xlfn.TEXTAFTER(D29,"วันที่ ")," "&_xlfn.TEXTBEFORE(_xlfn.TEXTAFTER(D29,"วันที่ "&_xlfn.TEXTBEFORE(_xlfn.TEXTAFTER(D29,"วันที่ "), " ")&" "), " ")&" "), " "),"๐","0"),"๑","1"),"๒","2"),"๓","3"),"๔","4"),"๕","5"),"๖","6"),"๗","7"),"๘","8"),"๙","9")) -> 2520 | M29: =SUBSTITUTE(SUBSTITUTE(SUBSTITUTE(SUBSTITUTE(_xlfn.TEXTBEFORE(SUBSTITUTE(SUBSTITUTE(SUBSTITUTE(SUBSTITUTE(SUBSTITUTE(SUBSTITUTE(SUBSTITUTE(SUBSTITUTE(SUBSTITUTE(SUBSTITUTE(_xlfn.TEXTAFTER(D29,"- "),"๐","0"),"๑","1"),"๒","2"),"๓","3"),"๔","4"),"๕","5"),"๖","6"),"๗","7"),"๘","8"),"๙","9"),","),"(",""),")",""),"-","")," ","") -> 0816015853 | N29: =_xlfn.TEXTBEFORE(_xlfn.TEXTAFTER(D29,CHAR(10)),CHAR(10)&"พระ") -> ม.๒ บ้านนาสีนวน ต.นาสีนวน อ.เมือง จ.มุกดาหาร ๔๙๐๐๐ | O29: =YEAR(TODAY())+543 - L29 -> 49 | P29: =VLOOKUP(T29,mapping!C:D,2,0) -> Y | Q29: =IFERROR("อ."&_xlfn.TEXTBEFORE(_xlfn.TEXTAFTER(N29,"อ.")," "),"") -> อ.เมือง | R29: =IFERROR("จ."&_xlfn.TEXTBEFORE(_xlfn.TEXTAFTER(N29,"จ.")," "),"") -> จ.มุกดาหาร | S29: =IF(LEFT(C29,4)="สาขา","B", IF(LEFT(C29,4)="สำรอ","R", IF(LEFT(C29,4)="สำรว","S",0))) -> B | T29: =S29&F29 -> B139
A30: =+A29+1 -> 28 | C30: สาขาที่ ๐๐๙ | D30: วัดป่าสุภัททาราม ๑๗๓ หมู่ที่ ๑ บ้านคำชะอี ต.คำชะอี อ.คำชะอี จ.มุกดาหาร ๔๙๑๑๐ พระครูสุภัทรทีปคุณ (ทินกร ทีปธมฺโม) อุปสมบท เมื่ออายุ ๒๐ ปี วันที่ ๒๔ มิถุนายน ๒๕๒๑ (ผู้รับรอง) - (๐๘๑) ๗๙๙-๐๕๕๕, | E30: =_xlfn.LET(_xlpm.x,C30, SUBSTITUTE(SUBSTITUTE(SUBSTITUTE(SUBSTITUTE(SUBSTITUTE( SUBSTITUTE(SUBSTITUTE(SUBSTITUTE(SUBSTITUTE(SUBSTITUTE( _xlpm.x,"๐","0"),"๑","1"),"๒","2"),"๓","3"),"๔","4"), "๕","5"),"๖","6"),"๗","7"),"๘","8"),"๙","9")) -> สาขาที่ 009 | F30: 9 | G30: =_xlfn.TEXTBEFORE(D30,CHAR(10)) -> วัดป่าสุภัททาราม | H30: =TRIM(_xlfn.TEXTBEFORE(MID(D30,SEARCH("พระ",D30),100),CHAR(10))) -> พระครูสุภัทรทีปคุณ (ทินกร ทีปธมฺโม) | I30: =VALUE(SUBSTITUTE(SUBSTITUTE(SUBSTITUTE(SUBSTITUTE(SUBSTITUTE(SUBSTITUTE(SUBSTITUTE(SUBSTITUTE(SUBSTITUTE(SUBSTITUTE(_xlfn.TEXTBEFORE(_xlfn.TEXTAFTER(D30,"เมื่ออายุ "), " ปี"),"๐","0"),"๑","1"),"๒","2"),"๓","3"),"๔","4"),"๕","5"),"๖","6"),"๗","7"),"๘","8"),"๙","9")) -> 20 | J30: =VALUE(SUBSTITUTE(SUBSTITUTE(SUBSTITUTE(SUBSTITUTE(SUBSTITUTE(SUBSTITUTE(SUBSTITUTE(SUBSTITUTE(SUBSTITUTE(SUBSTITUTE(_xlfn.TEXTBEFORE(_xlfn.TEXTAFTER(D30,"วันที่ "), " "),"๐","0"),"๑","1"),"๒","2"),"๓","3"),"๔","4"),"๕","5"),"๖","6"),"๗","7"),"๘","8"),"๙","9")) -> 24 | K30: =_xlfn.TEXTBEFORE(_xlfn.TEXTAFTER(D30,"วันที่ "&_xlfn.TEXTBEFORE(_xlfn.TEXTAFTER(D30,"วันที่ "), " ")&" "), " ") -> มิถุนายน | L30: =VALUE(SUBSTITUTE(SUBSTITUTE(SUBSTITUTE(SUBSTITUTE(SUBSTITUTE(SUBSTITUTE(SUBSTITUTE(SUBSTITUTE(SUBSTITUTE(SUBSTITUTE(_xlfn.TEXTBEFORE(_xlfn.TEXTAFTER(_xlfn.TEXTAFTER(D30,"วันที่ ")," "&_xlfn.TEXTBEFORE(_xlfn.TEXTAFTER(D30,"วันที่ "&_xlfn.TEXTBEFORE(_xlfn.TEXTAFTER(D30,"วันที่ "), " ")&" "), " ")&" "), " "),"๐","0"),"๑","1"),"๒","2"),"๓","3"),"๔","4"),"๕","5"),"๖","6"),"๗","7"),"๘","8"),"๙","9")) -> 2521 | M30: =SUBSTITUTE(SUBSTITUTE(SUBSTITUTE(SUBSTITUTE(_xlfn.TEXTBEFORE(SUBSTITUTE(SUBSTITUTE(SUBSTITUTE(SUBSTITUTE(SUBSTITUTE(SUBSTITUTE(SUBSTITUTE(SUBSTITUTE(SUBSTITUTE(SUBSTITUTE(_xlfn.TEXTAFTER(D30,"- "),"๐","0"),"๑","1"),"๒","2"),"๓","3"),"๔","4"),"๕","5"),"๖","6"),"๗","7"),"๘","8"),"๙","9"),","),"(",""),")",""),"-","")," ","") -> 0817990555 | N30: =_xlfn.TEXTBEFORE(_xlfn.TEXTAFTER(D30,CHAR(10)),CHAR(10)&"พระ") -> ๑๗๓ หมู่ที่ ๑ บ้านคำชะอี ต.คำชะอี อ.คำชะอี จ.มุกดาหาร ๔๙๑๑๐ | O30: =YEAR(TODAY())+543 - L30 -> 48 | P30: =VLOOKUP(T30,mapping!C:D,2,0) -> Y | Q30: =IFERROR("อ."&_xlfn.TEXTBEFORE(_xlfn.TEXTAFTER(N30,"อ.")," "),"") -> อ.คำชะอี | R30: =IFERROR("จ."&_xlfn.TEXTBEFORE(_xlfn.TEXTAFTER(N30,"จ.")," "),"") -> จ.มุกดาหาร | S30: =IF(LEFT(C30,4)="สาขา","B", IF(LEFT(C30,4)="สำรอ","R", IF(LEFT(C30,4)="สำรว","S",0))) -> B | T30: =S30&F30 -> B9
A31: =+A30+1 -> 29 | C31: สาขาที่ ๑๓๐ | D31: วัดบุญญาวาส ๔๔ ม.๘ บ้านคลองใหญ่ ต.บ่อทอง อ.บ่อทอง จ.ชลบุรี ๒๐๒๗๐ พระราชพัชรมานิต (อัครเดช ถิรจิตฺโต) อุปสมบท เมื่ออายุ ๒๓ ปี วันที่ ๙ กรกฎาคม ๒๕๒๑ (ผู้รับรอง) - (๐๘๑) ๘๖๕-๔๖๕๘, | E31: =_xlfn.LET(_xlpm.x,C31, SUBSTITUTE(SUBSTITUTE(SUBSTITUTE(SUBSTITUTE(SUBSTITUTE( SUBSTITUTE(SUBSTITUTE(SUBSTITUTE(SUBSTITUTE(SUBSTITUTE( _xlpm.x,"๐","0"),"๑","1"),"๒","2"),"๓","3"),"๔","4"), "๕","5"),"๖","6"),"๗","7"),"๘","8"),"๙","9")) -> สาขาที่ 130 | F31: 130 | G31: =_xlfn.TEXTBEFORE(D31,CHAR(10)) -> วัดบุญญาวาส | H31: =TRIM(_xlfn.TEXTBEFORE(MID(D31,SEARCH("พระ",D31),100),CHAR(10))) -> พระราชพัชรมานิต (อัครเดช ถิรจิตฺโต) | I31: =VALUE(SUBSTITUTE(SUBSTITUTE(SUBSTITUTE(SUBSTITUTE(SUBSTITUTE(SUBSTITUTE(SUBSTITUTE(SUBSTITUTE(SUBSTITUTE(SUBSTITUTE(_xlfn.TEXTBEFORE(_xlfn.TEXTAFTER(D31,"เมื่ออายุ "), " ปี"),"๐","0"),"๑","1"),"๒","2"),"๓","3"),"๔","4"),"๕","5"),"๖","6"),"๗","7"),"๘","8"),"๙","9")) -> 23 | J31: =VALUE(SUBSTITUTE(SUBSTITUTE(SUBSTITUTE(SUBSTITUTE(SUBSTITUTE(SUBSTITUTE(SUBSTITUTE(SUBSTITUTE(SUBSTITUTE(SUBSTITUTE(_xlfn.TEXTBEFORE(_xlfn.TEXTAFTER(D31,"วันที่ "), " "),"๐","0"),"๑","1"),"๒","2"),"๓","3"),"๔","4"),"๕","5"),"๖","6"),"๗","7"),"๘","8"),"๙","9")) -> 9 | K31: =_xlfn.TEXTBEFORE(_xlfn.TEXTAFTER(D31,"วันที่ "&_xlfn.TEXTBEFORE(_xlfn.TEXTAFTER(D31,"วันที่ "), " ")&" "), " ") -> กรกฎาคม | L31: =VALUE(SUBSTITUTE(SUBSTITUTE(SUBSTITUTE(SUBSTITUTE(SUBSTITUTE(SUBSTITUTE(SUBSTITUTE(SUBSTITUTE(SUBSTITUTE(SUBSTITUTE(_xlfn.TEXTBEFORE(_xlfn.TEXTAFTER(_xlfn.TEXTAFTER(D31,"วันที่ ")," "&_xlfn.TEXTBEFORE(_xlfn.TEXTAFTER(D31,"วันที่ "&_xlfn.TEXTBEFORE(_xlfn.TEXTAFTER(D31,"วันที่ "), " ")&" "), " ")&" "), " "),"๐","0"),"๑","1"),"๒","2"),"๓","3"),"๔","4"),"๕","5"),"๖","6"),"๗","7"),"๘","8"),"๙","9")) -> 2521 | M31: =SUBSTITUTE(SUBSTITUTE(SUBSTITUTE(SUBSTITUTE(_xlfn.TEXTBEFORE(SUBSTITUTE(SUBSTITUTE(SUBSTITUTE(SUBSTITUTE(SUBSTITUTE(SUBSTITUTE(SUBSTITUTE(SUBSTITUTE(SUBSTITUTE(SUBSTITUTE(_xlfn.TEXTAFTER(D31,"- "),"๐","0"),"๑","1"),"๒","2"),"๓","3"),"๔","4"),"๕","5"),"๖","6"),"๗","7"),"๘","8"),"๙","9"),","),"(",""),")",""),"-","")," ","") -> 0818654658 | N31: =_xlfn.TEXTBEFORE(_xlfn.TEXTAFTER(D31,CHAR(10)),CHAR(10)&"พระ") -> ๔๔ ม.๘ บ้านคลองใหญ่ ต.บ่อทอง อ.บ่อทอง จ.ชลบุรี ๒๐๒๗๐ | O31: =YEAR(TODAY())+543 - L31 -> 48 | P31: =VLOOKUP(T31,mapping!C:D,2,0) -> Y | Q31: =IFERROR("อ."&_xlfn.TEXTBEFORE(_xlfn.TEXTAFTER(N31,"อ.")," "),"") -> อ.บ่อทอง | R31: =IFERROR("จ."&_xlfn.TEXTBEFORE(_xlfn.TEXTAFTER(N31,"จ.")," "),"") -> จ.ชลบุรี | S31: =IF(LEFT(C31,4)="สาขา","B", IF(LEFT(C31,4)="สำรอ","R", IF(LEFT(C31,4)="สำรว","S",0))) -> B | T31: =S31&F31 -> B130
A32: =+A31+1 -> 30 | C32: สาขาที่ ๑๗๗ | D32: วัดเขาสนามแจง ๑๕๐/๑ ม.๙ บ้านเขาวงกต ต.สนามแจง อ.บ้านหมี่ จ.ลพบุรี ๑๕๑๑๐ พระครูกิตติ ปัญญาโสภณ อุปสมบท เมื่ออายุ ๒๕ ปี วันที่ ๑๐ พฤษภาคม ๒๕๒๒ (ผู้รับรอง) - (๐๘๑) ๖๕๙-๗๙๕๗,๐๓๖๖๒๘๘๒๑, | E32: =_xlfn.LET(_xlpm.x,C32, SUBSTITUTE(SUBSTITUTE(SUBSTITUTE(SUBSTITUTE(SUBSTITUTE( SUBSTITUTE(SUBSTITUTE(SUBSTITUTE(SUBSTITUTE(SUBSTITUTE( _xlpm.x,"๐","0"),"๑","1"),"๒","2"),"๓","3"),"๔","4"), "๕","5"),"๖","6"),"๗","7"),"๘","8"),"๙","9")) -> สาขาที่ 177 | F32: 177 | G32: =_xlfn.TEXTBEFORE(D32,CHAR(10)) -> วัดเขาสนามแจง | H32: =TRIM(_xlfn.TEXTBEFORE(MID(D32,SEARCH("พระ",D32),100),CHAR(10))) -> พระครูกิตติ ปัญญาโสภณ | I32: =VALUE(SUBSTITUTE(SUBSTITUTE(SUBSTITUTE(SUBSTITUTE(SUBSTITUTE(SUBSTITUTE(SUBSTITUTE(SUBSTITUTE(SUBSTITUTE(SUBSTITUTE(_xlfn.TEXTBEFORE(_xlfn.TEXTAFTER(D32,"เมื่ออายุ "), " ปี"),"๐","0"),"๑","1"),"๒","2"),"๓","3"),"๔","4"),"๕","5"),"๖","6"),"๗","7"),"๘","8"),"๙","9")) -> 25 | J32: =VALUE(SUBSTITUTE(SUBSTITUTE(SUBSTITUTE(SUBSTITUTE(SUBSTITUTE(SUBSTITUTE(SUBSTITUTE(SUBSTITUTE(SUBSTITUTE(SUBSTITUTE(_xlfn.TEXTBEFORE(_xlfn.TEXTAFTER(D32,"วันที่ "), " "),"๐","0"),"๑","1"),"๒","2"),"๓","3"),"๔","4"),"๕","5"),"๖","6"),"๗","7"),"๘","8"),"๙","9")) -> 10 | K32: =_xlfn.TEXTBEFORE(_xlfn.TEXTAFTER(D32,"วันที่ "&_xlfn.TEXTBEFORE(_xlfn.TEXTAFTER(D32,"วันที่ "), " ")&" "), " ") -> พฤษภาคม | L32: =VALUE(SUBSTITUTE(SUBSTITUTE(SUBSTITUTE(SUBSTITUTE(SUBSTITUTE(SUBSTITUTE(SUBSTITUTE(SUBSTITUTE(SUBSTITUTE(SUBSTITUTE(_xlfn.TEXTBEFORE(_xlfn.TEXTAFTER(_xlfn.TEXTAFTER(D32,"วันที่ ")," "&_xlfn.TEXTBEFORE(_xlfn.TEXTAFTER(D32,"วันที่ "&_xlfn.TEXTBEFORE(_xlfn.TEXTAFTER(D32,"วันที่ "), " ")&" "), " ")&" "), " "),"๐","0"),"๑","1"),"๒","2"),"๓","3"),"๔","4"),"๕","5"),"๖","6"),"๗","7"),"๘","8"),"๙","9")) -> 2522 | M32: =SUBSTITUTE(SUBSTITUTE(SUBSTITUTE(SUBSTITUTE(_xlfn.TEXTBEFORE(SUBSTITUTE(SUBSTITUTE(SUBSTITUTE(SUBSTITUTE(SUBSTITUTE(SUBSTITUTE(SUBSTITUTE(SUBSTITUTE(SUBSTITUTE(SUBSTITUTE(_xlfn.TEXTAFTER(D32,"- "),"๐","0"),"๑","1"),"๒","2"),"๓","3"),"๔","4"),"๕","5"),"๖","6"),"๗","7"),"๘","8"),"๙","9"),","),"(",""),")",""),"-","")," ","") -> 0816597957 | N32: =_xlfn.TEXTBEFORE(_xlfn.TEXTAFTER(D32,CHAR(10)),CHAR(10)&"พระ") -> ๑๕๐/๑ ม.๙ บ้านเขาวงกต ต.สนามแจง อ.บ้านหมี่ จ.ลพบุรี ๑๕๑๑๐ | O32: =YEAR(TODAY())+543 - L32 -> 47 | P32: =VLOOKUP(T32,mapping!C:D,2,0) -> Y | Q32: =IFERROR("อ."&_xlfn.TEXTBEFORE(_xlfn.TEXTAFTER(N32,"อ.")," "),"") -> อ.บ้านหมี่ | R32: =IFERROR("จ."&_xlfn.TEXTBEFORE(_xlfn.TEXTAFTER(N32,"จ.")," "),"") -> จ.ลพบุรี | S32: =IF(LEFT(C32,4)="สาขา","B", IF(LEFT(C32,4)="สำรอ","R", IF(LEFT(C32,4)="สำรว","S",0))) -> B | T32: =S32&F32 -> B177
A33: =+A32+1 -> 31 | C33: สำรองที่ ๐๐๘ | D33: วัดถ้ำผาเวียง ๒๑๙ หมู่ที่ ๙ บ้านผาเวียง ต.นาแก อ.นาวัง จ.หนองบัวลำภู ๓๙๑๗๐ พระครูวิชัยพัฒกิจ (สมพร วิชโย) อุปสมบท เมื่ออายุ ๒๓ ปี วันที่ ๕ กรกฎาคม ๒๕๒๒ (ผู้รับรอง)พระครูวิจารณ์ศุภวัตร(บัณฑิต เตชปญฺโญ) วัดป่าดอยธรรมประทีป ๐๘๖๒๒๓ ๑๗๒๖, | E33: =_xlfn.LET(_xlpm.x,C33, SUBSTITUTE(SUBSTITUTE(SUBSTITUTE(SUBSTITUTE(SUBSTITUTE( SUBSTITUTE(SUBSTITUTE(SUBSTITUTE(SUBSTITUTE(SUBSTITUTE( _xlpm.x,"๐","0"),"๑","1"),"๒","2"),"๓","3"),"๔","4"), "๕","5"),"๖","6"),"๗","7"),"๘","8"),"๙","9")) -> สำรองที่ 008 | F33: 8 | G33: =_xlfn.TEXTBEFORE(D33,CHAR(10)) -> วัดถ้ำผาเวียง | H33: =TRIM(_xlfn.TEXTBEFORE(MID(D33,SEARCH("พระ",D33),100),CHAR(10))) -> พระครูวิชัยพัฒกิจ (สมพร วิชโย) | I33: =VALUE(SUBSTITUTE(SUBSTITUTE(SUBSTITUTE(SUBSTITUTE(SUBSTITUTE(SUBSTITUTE(SUBSTITUTE(SUBSTITUTE(SUBSTITUTE(SUBSTITUTE(_xlfn.TEXTBEFORE(_xlfn.TEXTAFTER(D33,"เมื่ออายุ "), " ปี"),"๐","0"),"๑","1"),"๒","2"),"๓","3"),"๔","4"),"๕","5"),"๖","6"),"๗","7"),"๘","8"),"๙","9")) -> 23 | J33: =VALUE(SUBSTITUTE(SUBSTITUTE(SUBSTITUTE(SUBSTITUTE(SUBSTITUTE(SUBSTITUTE(SUBSTITUTE(SUBSTITUTE(SUBSTITUTE(SUBSTITUTE(_xlfn.TEXTBEFORE(_xlfn.TEXTAFTER(D33,"วันที่ "), " "),"๐","0"),"๑","1"),"๒","2"),"๓","3"),"๔","4"),"๕","5"),"๖","6"),"๗","7"),"๘","8"),"๙","9")) -> 5 | K33: =_xlfn.TEXTBEFORE(_xlfn.TEXTAFTER(D33,"วันที่ "&_xlfn.TEXTBEFORE(_xlfn.TEXTAFTER(D33,"วันที่ "), " ")&" "), " ") -> กรกฎาคม | L33: =VALUE(SUBSTITUTE(SUBSTITUTE(SUBSTITUTE(SUBSTITUTE(SUBSTITUTE(SUBSTITUTE(SUBSTITUTE(SUBSTITUTE(SUBSTITUTE(SUBSTITUTE(_xlfn.TEXTBEFORE(_xlfn.TEXTAFTER(_xlfn.TEXTAFTER(D33,"วันที่ ")," "&_xlfn.TEXTBEFORE(_xlfn.TEXTAFTER(D33,"วันที่ "&_xlfn.TEXTBEFORE(_xlfn.TEXTAFTER(D33,"วันที่ "), " ")&" "), " ")&" "), " "),"๐","0"),"๑","1"),"๒","2"),"๓","3"),"๔","4"),"๕","5"),"๖","6"),"๗","7"),"๘","8"),"๙","9")) -> 2522 | M33: =SUBSTITUTE( _xlfn.TEXTBEFORE( SUBSTITUTE(SUBSTITUTE(SUBSTITUTE(SUBSTITUTE(SUBSTITUTE( SUBSTITUTE(SUBSTITUTE(SUBSTITUTE(SUBSTITUTE(SUBSTITUTE( _xlfn.TEXTAFTER(D33,CHAR(10),-1), "๐","0"),"๑","1"),"๒","2"),"๓","3"),"๔","4"), "๕","5"),"๖","6"),"๗","7"),"๘","8"),"๙","9"),",",-1)," ","") -> 0862231726 | N33: =_xlfn.TEXTBEFORE(_xlfn.TEXTAFTER(D33,CHAR(10)),CHAR(10)&"พระ") -> ๒๑๙ หมู่ที่ ๙ บ้านผาเวียง ต.นาแก อ.นาวัง จ.หนองบัวลำภู ๓๙๑๗๐ | O33: =YEAR(TODAY())+543 - L33 -> 47 | P33: =VLOOKUP(T33,mapping!C:D,2,0) -> #N/A | Q33: =IFERROR("อ."&_xlfn.TEXTBEFORE(_xlfn.TEXTAFTER(N33,"อ.")," "),"") -> อ.นาวัง | R33: =IFERROR("จ."&_xlfn.TEXTBEFORE(_xlfn.TEXTAFTER(N33,"จ.")," "),"") -> จ.หนองบัวลำภู | S33: =IF(LEFT(C33,4)="สาขา","B", IF(LEFT(C33,4)="สำรอ","R", IF(LEFT(C33,4)="สำรว","S",0))) -> R | T33: =S33&F33 -> R8
A34: =+A33+1 -> 32 | C34: สาขาที่ ๑๔๗ | D34: วัดป่าขันติธรรม ๒๑๐ ม.๓ บ้านป่าป๋วย ต.บ้านโฮ่ง อ.บ้านโฮ่ง จ.ลำพูน ๕๑๑๓๐ พระครูภาวนานุกิจ (ลัย ทีปธมฺโม) อุปสมบท เมื่ออายุ ๒๐ ปี วันที่ ๒๓ กุมภาพันธ์ ๒๕๒๓ (ผู้รับรอง) - (๐๘๑) ๖๐๒-๗๗๗๗,- (๐๖๑) ๑๔๗-๕๕๙๔, | E34: =_xlfn.LET(_xlpm.x,C34, SUBSTITUTE(SUBSTITUTE(SUBSTITUTE(SUBSTITUTE(SUBSTITUTE( SUBSTITUTE(SUBSTITUTE(SUBSTITUTE(SUBSTITUTE(SUBSTITUTE( _xlpm.x,"๐","0"),"๑","1"),"๒","2"),"๓","3"),"๔","4"), "๕","5"),"๖","6"),"๗","7"),"๘","8"),"๙","9")) -> สาขาที่ 147 | F34: 147 | G34: =_xlfn.TEXTBEFORE(D34,CHAR(10)) -> วัดป่าขันติธรรม | H34: =TRIM(_xlfn.TEXTBEFORE(MID(D34,SEARCH("พระ",D34),100),CHAR(10))) -> พระครูภาวนานุกิจ (ลัย ทีปธมฺโม) | I34: =VALUE(SUBSTITUTE(SUBSTITUTE(SUBSTITUTE(SUBSTITUTE(SUBSTITUTE(SUBSTITUTE(SUBSTITUTE(SUBSTITUTE(SUBSTITUTE(SUBSTITUTE(_xlfn.TEXTBEFORE(_xlfn.TEXTAFTER(D34,"เมื่ออายุ "), " ปี"),"๐","0"),"๑","1"),"๒","2"),"๓","3"),"๔","4"),"๕","5"),"๖","6"),"๗","7"),"๘","8"),"๙","9")) -> 20 | J34: =VALUE(SUBSTITUTE(SUBSTITUTE(SUBSTITUTE(SUBSTITUTE(SUBSTITUTE(SUBSTITUTE(SUBSTITUTE(SUBSTITUTE(SUBSTITUTE(SUBSTITUTE(_xlfn.TEXTBEFORE(_xlfn.TEXTAFTER(D34,"วันที่ "), " "),"๐","0"),"๑","1"),"๒","2"),"๓","3"),"๔","4"),"๕","5"),"๖","6"),"๗","7"),"๘","8"),"๙","9")) -> 23 | K34: =_xlfn.TEXTBEFORE(_xlfn.TEXTAFTER(D34,"วันที่ "&_xlfn.TEXTBEFORE(_xlfn.TEXTAFTER(D34,"วันที่ "), " ")&" "), " ") -> กุมภาพันธ์ | L34: =VALUE(SUBSTITUTE(SUBSTITUTE(SUBSTITUTE(SUBSTITUTE(SUBSTITUTE(SUBSTITUTE(SUBSTITUTE(SUBSTITUTE(SUBSTITUTE(SUBSTITUTE(_xlfn.TEXTBEFORE(_xlfn.TEXTAFTER(_xlfn.TEXTAFTER(D34,"วันที่ ")," "&_xlfn.TEXTBEFORE(_xlfn.TEXTAFTER(D34,"วันที่ "&_xlfn.TEXTBEFORE(_xlfn.TEXTAFTER(D34,"วันที่ "), " ")&" "), " ")&" "), " "),"๐","0"),"๑","1"),"๒","2"),"๓","3"),"๔","4"),"๕","5"),"๖","6"),"๗","7"),"๘","8"),"๙","9")) -> 2523 | M34: =SUBSTITUTE(SUBSTITUTE(SUBSTITUTE(SUBSTITUTE(_xlfn.TEXTBEFORE(SUBSTITUTE(SUBSTITUTE(SUBSTITUTE(SUBSTITUTE(SUBSTITUTE(SUBSTITUTE(SUBSTITUTE(SUBSTITUTE(SUBSTITUTE(SUBSTITUTE(_xlfn.TEXTAFTER(D34,"- "),"๐","0"),"๑","1"),"๒","2"),"๓","3"),"๔","4"),"๕","5"),"๖","6"),"๗","7"),"๘","8"),"๙","9"),","),"(",""),")",""),"-","")," ","") -> 0816027777 | N34: =_xlfn.TEXTBEFORE(_xlfn.TEXTAFTER(D34,CHAR(10)),CHAR(10)&"พระ") -> ๒๑๐ ม.๓ บ้านป่าป๋วย ต.บ้านโฮ่ง อ.บ้านโฮ่ง จ.ลำพูน ๕๑๑๓๐ | O34: =YEAR(TODAY())+543 - L34 -> 46 | P34: =VLOOKUP(T34,mapping!C:D,2,0) -> Y | Q34: =IFERROR("อ."&_xlfn.TEXTBEFORE(_xlfn.TEXTAFTER(N34,"อ.")," "),"") -> อ.บ้านโฮ่ง | R34: =IFERROR("จ."&_xlfn.TEXTBEFORE(_xlfn.TEXTAFTER(N34,"จ.")," "),"") -> จ.ลำพูน | S34: =IF(LEFT(C34,4)="สาขา","B", IF(LEFT(C34,4)="สำรอ","R", IF(LEFT(C34,4)="สำรว","S",0))) -> B | T34: =S34&F34 -> B147
A35: =+A34+1 -> 33 | C35: สาขาที่ ๓๑๔ | D35: วัดพิศาลโพธิญาณ ๑๓๐ หมู่ที่ ๕ ซอยสวนมะลิ ๓ ถ.นครชัยศรี-ดอนตูน ต.วัดละมุด อ.นครชัยศรี จ.นครปฐม ๗๓๑๒๐ พระอธิการหนูสิน สนฺตจิตฺโต อุปสมบท เมื่ออายุ ๒๑ ปี วันที่ ๑๙ มิถุนายน ๒๕๒๓ (ผู้รับรอง) ๐๙๘๘๓๘ ๔๐๘๑,๐๖๑๖๑๖ ๔๕๑๖, | E35: =_xlfn.LET(_xlpm.x,C35, SUBSTITUTE(SUBSTITUTE(SUBSTITUTE(SUBSTITUTE(SUBSTITUTE( SUBSTITUTE(SUBSTITUTE(SUBSTITUTE(SUBSTITUTE(SUBSTITUTE( _xlpm.x,"๐","0"),"๑","1"),"๒","2"),"๓","3"),"๔","4"), "๕","5"),"๖","6"),"๗","7"),"๘","8"),"๙","9")) -> สาขาที่ 314 | F35: 314 | G35: =_xlfn.TEXTBEFORE(D35,CHAR(10)) -> วัดพิศาลโพธิญาณ | H35: =TRIM(_xlfn.TEXTBEFORE(MID(D35,SEARCH("พระ",D35),100),CHAR(10))) -> พระอธิการหนูสิน สนฺตจิตฺโต | I35: =VALUE(SUBSTITUTE(SUBSTITUTE(SUBSTITUTE(SUBSTITUTE(SUBSTITUTE(SUBSTITUTE(SUBSTITUTE(SUBSTITUTE(SUBSTITUTE(SUBSTITUTE(_xlfn.TEXTBEFORE(_xlfn.TEXTAFTER(D35,"เมื่ออายุ "), " ปี"),"๐","0"),"๑","1"),"๒","2"),"๓","3"),"๔","4"),"๕","5"),"๖","6"),"๗","7"),"๘","8"),"๙","9")) -> 21 | J35: =VALUE(SUBSTITUTE(SUBSTITUTE(SUBSTITUTE(SUBSTITUTE(SUBSTITUTE(SUBSTITUTE(SUBSTITUTE(SUBSTITUTE(SUBSTITUTE(SUBSTITUTE(_xlfn.TEXTBEFORE(_xlfn.TEXTAFTER(D35,"วันที่ "), " "),"๐","0"),"๑","1"),"๒","2"),"๓","3"),"๔","4"),"๕","5"),"๖","6"),"๗","7"),"๘","8"),"๙","9")) -> 19 | K35: =_xlfn.TEXTBEFORE(_xlfn.TEXTAFTER(D35,"วันที่ "&_xlfn.TEXTBEFORE(_xlfn.TEXTAFTER(D35,"วันที่ "), " ")&" "), " ") -> มิถุนายน | L35: =VALUE(SUBSTITUTE(SUBSTITUTE(SUBSTITUTE(SUBSTITUTE(SUBSTITUTE(SUBSTITUTE(SUBSTITUTE(SUBSTITUTE(SUBSTITUTE(SUBSTITUTE(_xlfn.TEXTBEFORE(_xlfn.TEXTAFTER(_xlfn.TEXTAFTER(D35,"วันที่ ")," "&_xlfn.TEXTBEFORE(_xlfn.TEXTAFTER(D35,"วันที่ "&_xlfn.TEXTBEFORE(_xlfn.TEXTAFTER(D35,"วันที่ "), " ")&" "), " ")&" "), " "),"๐","0"),"๑","1"),"๒","2"),"๓","3"),"๔","4"),"๕","5"),"๖","6"),"๗","7"),"๘","8"),"๙","9")) -> 2523 | M35: =SUBSTITUTE( _xlfn.TEXTBEFORE( SUBSTITUTE(SUBSTITUTE(SUBSTITUTE(SUBSTITUTE(SUBSTITUTE( SUBSTITUTE(SUBSTITUTE(SUBSTITUTE(SUBSTITUTE(SUBSTITUTE( _xlfn.TEXTAFTER(D35,CHAR(10),-1), "๐","0"),"๑","1"),"๒","2"),"๓","3"),"๔","4"), "๕","5"),"๖","6"),"๗","7"),"๘","8"),"๙","9"),",",-1)," ","") -> 0988384081,0616164516 | N35: =_xlfn.TEXTBEFORE(_xlfn.TEXTAFTER(D35,CHAR(10)),CHAR(10)&"พระ") -> ๑๓๐ หมู่ที่ ๕ ซอยสวนมะลิ ๓ ถ.นครชัยศรี-ดอนตูน ต.วัดละมุด อ.นครชัยศรี จ.นครปฐม ๗๓๑๒๐ | O35: =YEAR(TODAY())+543 - L35 -> 46 | P35: =VLOOKUP(T35,mapping!C:D,2,0) -> Y | Q35: =IFERROR("อ."&_xlfn.TEXTBEFORE(_xlfn.TEXTAFTER(N35,"อ.")," "),"") -> อ.นครชัยศรี | R35: =IFERROR("จ."&_xlfn.TEXTBEFORE(_xlfn.TEXTAFTER(N35,"จ.")," "),"") -> จ.นครปฐม | S35: =IF(LEFT(C35,4)="สาขา","B", IF(LEFT(C35,4)="สำรอ","R", IF(LEFT(C35,4)="สำรว","S",0))) -> B | T35: =S35&F35 -> B314
A36: =+A35+1 -> 34 | C36: สาขาที่ ๐๐๒ | D36: วัดบึงเขาหลวง ๑๑๒ หมู่ที่ ๙ บ้านกลางใหญ่ ต.กลางใหญ่ อ.เขื่องใน จ.อุบลราชธานี ๓๔๓๒๐ พระครูบรรพตวรกิจ (บุญมี ปิยธมฺโม) อุปสมบท เมื่ออายุ ๒๔ ปี วันที่ ๕ กรกฎาคม ๒๕๒๔ (ผู้รับรอง) - (๐๘๕) ๕๖๔-๓๗๕๘, | E36: =_xlfn.LET(_xlpm.x,C36, SUBSTITUTE(SUBSTITUTE(SUBSTITUTE(SUBSTITUTE(SUBSTITUTE( SUBSTITUTE(SUBSTITUTE(SUBSTITUTE(SUBSTITUTE(SUBSTITUTE( _xlpm.x,"๐","0"),"๑","1"),"๒","2"),"๓","3"),"๔","4"), "๕","5"),"๖","6"),"๗","7"),"๘","8"),"๙","9")) -> สาขาที่ 002 | F36: 2 | G36: =_xlfn.TEXTBEFORE(D36,CHAR(10)) -> วัดบึงเขาหลวง | H36: =TRIM(_xlfn.TEXTBEFORE(MID(D36,SEARCH("พระ",D36),100),CHAR(10))) -> พระครูบรรพตวรกิจ (บุญมี ปิยธมฺโม) | I36: =VALUE(SUBSTITUTE(SUBSTITUTE(SUBSTITUTE(SUBSTITUTE(SUBSTITUTE(SUBSTITUTE(SUBSTITUTE(SUBSTITUTE(SUBSTITUTE(SUBSTITUTE(_xlfn.TEXTBEFORE(_xlfn.TEXTAFTER(D36,"เมื่ออายุ "), " ปี"),"๐","0"),"๑","1"),"๒","2"),"๓","3"),"๔","4"),"๕","5"),"๖","6"),"๗","7"),"๘","8"),"๙","9")) -> 24 | J36: =VALUE(SUBSTITUTE(SUBSTITUTE(SUBSTITUTE(SUBSTITUTE(SUBSTITUTE(SUBSTITUTE(SUBSTITUTE(SUBSTITUTE(SUBSTITUTE(SUBSTITUTE(_xlfn.TEXTBEFORE(_xlfn.TEXTAFTER(D36,"วันที่ "), " "),"๐","0"),"๑","1"),"๒","2"),"๓","3"),"๔","4"),"๕","5"),"๖","6"),"๗","7"),"๘","8"),"๙","9")) -> 5 | K36: =_xlfn.TEXTBEFORE(_xlfn.TEXTAFTER(D36,"วันที่ "&_xlfn.TEXTBEFORE(_xlfn.TEXTAFTER(D36,"วันที่ "), " ")&" "), " ") -> กรกฎาคม | L36: =VALUE(SUBSTITUTE(SUBSTITUTE(SUBSTITUTE(SUBSTITUTE(SUBSTITUTE(SUBSTITUTE(SUBSTITUTE(SUBSTITUTE(SUBSTITUTE(SUBSTITUTE(_xlfn.TEXTBEFORE(_xlfn.TEXTAFTER(_xlfn.TEXTAFTER(D36,"วันที่ ")," "&_xlfn.TEXTBEFORE(_xlfn.TEXTAFTER(D36,"วันที่ "&_xlfn.TEXTBEFORE(_xlfn.TEXTAFTER(D36,"วันที่ "), " ")&" "), " ")&" "), " "),"๐","0"),"๑","1"),"๒","2"),"๓","3"),"๔","4"),"๕","5"),"๖","6"),"๗","7"),"๘","8"),"๙","9")) -> 2524 | M36: =SUBSTITUTE(SUBSTITUTE(SUBSTITUTE(SUBSTITUTE(_xlfn.TEXTBEFORE(SUBSTITUTE(SUBSTITUTE(SUBSTITUTE(SUBSTITUTE(SUBSTITUTE(SUBSTITUTE(SUBSTITUTE(SUBSTITUTE(SUBSTITUTE(SUBSTITUTE(_xlfn.TEXTAFTER(D36,"- "),"๐","0"),"๑","1"),"๒","2"),"๓","3"),"๔","4"),"๕","5"),"๖","6"),"๗","7"),"๘","8"),"๙","9"),","),"(",""),")",""),"-","")," ","") -> 0855643758 | N36: =_xlfn.TEXTBEFORE(_xlfn.TEXTAFTER(D36,CHAR(10)),CHAR(10)&"พระ") -> ๑๑๒ หมู่ที่ ๙ บ้านกลางใหญ่ ต.กลางใหญ่ อ.เขื่องใน จ.อุบลราชธานี ๓๔๓๒๐ | O36: =YEAR(TODAY())+543 - L36 -> 45 | P36: =VLOOKUP(T36,mapping!C:D,2,0) -> Y | Q36: =IFERROR("อ."&_xlfn.TEXTBEFORE(_xlfn.TEXTAFTER(N36,"อ.")," "),"") -> อ.เขื่องใน | R36: =IFERROR("จ."&_xlfn.TEXTBEFORE(_xlfn.TEXTAFTER(N36,"จ.")," "),"") -> จ.อุบลราชธานี | S36: =IF(LEFT(C36,4)="สาขา","B", IF(LEFT(C36,4)="สำรอ","R", IF(LEFT(C36,4)="สำรว","S",0))) -> B | T36: =S36&F36 -> B2
A37: =+A36+1 -> 35 | C37: สาขาที่ ๐๘๗ | D37: วัดป่าบูรพา ๓๓ ม.๙ บ้านโนนสวรรค์ ต.ไทยเจริญ อ.ปะคำ จ.บุรีรัมย์ ๓๑๒๒๐ พระครูพัชรบูรพาภิรมย์ (สมาน วชิโร) อุปสมบท เมื่ออายุ ๓๓ ปี วันที่ ๒๒ กรกฎาคม ๒๕๒๔ (ผู้รับรอง) - (๐๘๑) ๙๕๕-๔๙๖๐, | E37: =_xlfn.LET(_xlpm.x,C37, SUBSTITUTE(SUBSTITUTE(SUBSTITUTE(SUBSTITUTE(SUBSTITUTE( SUBSTITUTE(SUBSTITUTE(SUBSTITUTE(SUBSTITUTE(SUBSTITUTE( _xlpm.x,"๐","0"),"๑","1"),"๒","2"),"๓","3"),"๔","4"), "๕","5"),"๖","6"),"๗","7"),"๘","8"),"๙","9")) -> สาขาที่ 087 | F37: 87 | G37: =_xlfn.TEXTBEFORE(D37,CHAR(10)) -> วัดป่าบูรพา | H37: =TRIM(_xlfn.TEXTBEFORE(MID(D37,SEARCH("พระ",D37),100),CHAR(10))) -> พระครูพัชรบูรพาภิรมย์ (สมาน วชิโร) | I37: =VALUE(SUBSTITUTE(SUBSTITUTE(SUBSTITUTE(SUBSTITUTE(SUBSTITUTE(SUBSTITUTE(SUBSTITUTE(SUBSTITUTE(SUBSTITUTE(SUBSTITUTE(_xlfn.TEXTBEFORE(_xlfn.TEXTAFTER(D37,"เมื่ออายุ "), " ปี"),"๐","0"),"๑","1"),"๒","2"),"๓","3"),"๔","4"),"๕","5"),"๖","6"),"๗","7"),"๘","8"),"๙","9")) -> 33 | J37: =VALUE(SUBSTITUTE(SUBSTITUTE(SUBSTITUTE(SUBSTITUTE(SUBSTITUTE(SUBSTITUTE(SUBSTITUTE(SUBSTITUTE(SUBSTITUTE(SUBSTITUTE(_xlfn.TEXTBEFORE(_xlfn.TEXTAFTER(D37,"วันที่ "), " "),"๐","0"),"๑","1"),"๒","2"),"๓","3"),"๔","4"),"๕","5"),"๖","6"),"๗","7"),"๘","8"),"๙","9")) -> 22 | K37: =_xlfn.TEXTBEFORE(_xlfn.TEXTAFTER(D37,"วันที่ "&_xlfn.TEXTBEFORE(_xlfn.TEXTAFTER(D37,"วันที่ "), " ")&" "), " ") -> กรกฎาคม | L37: =VALUE(SUBSTITUTE(SUBSTITUTE(SUBSTITUTE(SUBSTITUTE(SUBSTITUTE(SUBSTITUTE(SUBSTITUTE(SUBSTITUTE(SUBSTITUTE(SUBSTITUTE(_xlfn.TEXTBEFORE(_xlfn.TEXTAFTER(_xlfn.TEXTAFTER(D37,"วันที่ ")," "&_xlfn.TEXTBEFORE(_xlfn.TEXTAFTER(D37,"วันที่ "&_xlfn.TEXTBEFORE(_xlfn.TEXTAFTER(D37,"วันที่ "), " ")&" "), " ")&" "), " "),"๐","0"),"๑","1"),"๒","2"),"๓","3"),"๔","4"),"๕","5"),"๖","6"),"๗","7"),"๘","8"),"๙","9")) -> 2524 | M37: =SUBSTITUTE(SUBSTITUTE(SUBSTITUTE(SUBSTITUTE(_xlfn.TEXTBEFORE(SUBSTITUTE(SUBSTITUTE(SUBSTITUTE(SUBSTITUTE(SUBSTITUTE(SUBSTITUTE(SUBSTITUTE(SUBSTITUTE(SUBSTITUTE(SUBSTITUTE(_xlfn.TEXTAFTER(D37,"- "),"๐","0"),"๑","1"),"๒","2"),"๓","3"),"๔","4"),"๕","5"),"๖","6"),"๗","7"),"๘","8"),"๙","9"),","),"(",""),")",""),"-","")," ","") -> 0819554960 | N37: =_xlfn.TEXTBEFORE(_xlfn.TEXTAFTER(D37,CHAR(10)),CHAR(10)&"พระ") -> ๓๓ ม.๙ บ้านโนนสวรรค์ ต.ไทยเจริญ อ.ปะคำ จ.บุรีรัมย์ ๓๑๒๒๐ | O37: =YEAR(TODAY())+543 - L37 -> 45 | P37: =VLOOKUP(T37,mapping!C:D,2,0) -> Y | Q37: =IFERROR("อ."&_xlfn.TEXTBEFORE(_xlfn.TEXTAFTER(N37,"อ.")," "),"") -> อ.ปะคำ | R37: =IFERROR("จ."&_xlfn.TEXTBEFORE(_xlfn.TEXTAFTER(N37,"จ.")," "),"") -> จ.บุรีรัมย์ | S37: =IF(LEFT(C37,4)="สาขา","B", IF(LEFT(C37,4)="สำรอ","R", IF(LEFT(C37,4)="สำรว","S",0))) -> B | T37: =S37&F37 -> B87
A38: =+A37+1 -> 36 | C38: สาขาที่ ๑๑๕ | D38: วัดป่าชัยมงคล (พรรั้ง) ๙๙ ม.๓ บ้านพรรั้ง ต.บางริ้น อ.เมือง จ.ระนอง ๘๕๐๐๐ พระครูภาวนาชัยมงคล (สุนทร ทนฺตจิตฺโต) อุปสมบท เมื่ออายุ ๒๐ ปี วันที่ ๓ พฤษภาคม ๒๕๒๔ (ผู้รับรอง) - (๐๙๘) ๕๑๙-๙๙๔๕, | E38: =_xlfn.LET(_xlpm.x,C38, SUBSTITUTE(SUBSTITUTE(SUBSTITUTE(SUBSTITUTE(SUBSTITUTE( SUBSTITUTE(SUBSTITUTE(SUBSTITUTE(SUBSTITUTE(SUBSTITUTE( _xlpm.x,"๐","0"),"๑","1"),"๒","2"),"๓","3"),"๔","4"), "๕","5"),"๖","6"),"๗","7"),"๘","8"),"๙","9")) -> สาขาที่ 115 | F38: 115 | G38: =_xlfn.TEXTBEFORE(D38,CHAR(10)) -> วัดป่าชัยมงคล (พรรั้ง) | H38: =TRIM(_xlfn.TEXTBEFORE(MID(D38,SEARCH("พระ",D38),100),CHAR(10))) -> พระครูภาวนาชัยมงคล (สุนทร ทนฺตจิตฺโต) | I38: =VALUE(SUBSTITUTE(SUBSTITUTE(SUBSTITUTE(SUBSTITUTE(SUBSTITUTE(SUBSTITUTE(SUBSTITUTE(SUBSTITUTE(SUBSTITUTE(SUBSTITUTE(_xlfn.TEXTBEFORE(_xlfn.TEXTAFTER(D38,"เมื่ออายุ "), " ปี"),"๐","0"),"๑","1"),"๒","2"),"๓","3"),"๔","4"),"๕","5"),"๖","6"),"๗","7"),"๘","8"),"๙","9")) -> 20 | J38: =VALUE(SUBSTITUTE(SUBSTITUTE(SUBSTITUTE(SUBSTITUTE(SUBSTITUTE(SUBSTITUTE(SUBSTITUTE(SUBSTITUTE(SUBSTITUTE(SUBSTITUTE(_xlfn.TEXTBEFORE(_xlfn.TEXTAFTER(D38,"วันที่ "), " "),"๐","0"),"๑","1"),"๒","2"),"๓","3"),"๔","4"),"๕","5"),"๖","6"),"๗","7"),"๘","8"),"๙","9")) -> 3 | K38: =_xlfn.TEXTBEFORE(_xlfn.TEXTAFTER(D38,"วันที่ "&_xlfn.TEXTBEFORE(_xlfn.TEXTAFTER(D38,"วันที่ "), " ")&" "), " ") -> พฤษภาคม | L38: =VALUE(SUBSTITUTE(SUBSTITUTE(SUBSTITUTE(SUBSTITUTE(SUBSTITUTE(SUBSTITUTE(SUBSTITUTE(SUBSTITUTE(SUBSTITUTE(SUBSTITUTE(_xlfn.TEXTBEFORE(_xlfn.TEXTAFTER(_xlfn.TEXTAFTER(D38,"วันที่ ")," "&_xlfn.TEXTBEFORE(_xlfn.TEXTAFTER(D38,"วันที่ "&_xlfn.TEXTBEFORE(_xlfn.TEXTAFTER(D38,"วันที่ "), " ")&" "), " ")&" "), " "),"๐","0"),"๑","1"),"๒","2"),"๓","3"),"๔","4"),"๕","5"),"๖","6"),"๗","7"),"๘","8"),"๙","9")) -> 2524 | M38: =SUBSTITUTE(SUBSTITUTE(SUBSTITUTE(SUBSTITUTE(_xlfn.TEXTBEFORE(SUBSTITUTE(SUBSTITUTE(SUBSTITUTE(SUBSTITUTE(SUBSTITUTE(SUBSTITUTE(SUBSTITUTE(SUBSTITUTE(SUBSTITUTE(SUBSTITUTE(_xlfn.TEXTAFTER(D38,"- "),"๐","0"),"๑","1"),"๒","2"),"๓","3"),"๔","4"),"๕","5"),"๖","6"),"๗","7"),"๘","8"),"๙","9"),","),"(",""),")",""),"-","")," ","") -> 0985199945 | N38: =_xlfn.TEXTBEFORE(_xlfn.TEXTAFTER(D38,CHAR(10)),CHAR(10)&"พระ") -> ๙๙ ม.๓ บ้านพรรั้ง ต.บางริ้น อ.เมือง จ.ระนอง ๘๕๐๐๐ | O38: =YEAR(TODAY())+543 - L38 -> 45 | P38: =VLOOKUP(T38,mapping!C:D,2,0) -> Y | Q38: =IFERROR("อ."&_xlfn.TEXTBEFORE(_xlfn.TEXTAFTER(N38,"อ.")," "),"") -> อ.เมือง | R38: =IFERROR("จ."&_xlfn.TEXTBEFORE(_xlfn.TEXTAFTER(N38,"จ.")," "),"") -> จ.ระนอง | S38: =IF(LEFT(C38,4)="สาขา","B", IF(LEFT(C38,4)="สำรอ","R", IF(LEFT(C38,4)="สำรว","S",0))) -> B | T38: =S38&F38 -> B115
A39: =+A38+1 -> 37 | C39: สาขาที่ ๑๕๑ | D39: วัดเทพโพธ์ิทอง ๑๒๒ ม.๑๘ บ้านเทพภูทอง ถ.สุรนารายณ์ ต.วะตะแบก อ.เทพสถิต จ.ชัยภูมิ ๓๖๒๓๐ พระครูสุมนโพธิสุวรรณ (สนธยา สุมโน) อุปสมบท เมื่ออายุ ๒๑ ปี วันที่ ๑๑ กรกฎาคม ๒๕๒๔ (ผู้รับรอง) - (๐๘๑) ๖๐๐-๗๒๙๒, | E39: =_xlfn.LET(_xlpm.x,C39, SUBSTITUTE(SUBSTITUTE(SUBSTITUTE(SUBSTITUTE(SUBSTITUTE( SUBSTITUTE(SUBSTITUTE(SUBSTITUTE(SUBSTITUTE(SUBSTITUTE( _xlpm.x,"๐","0"),"๑","1"),"๒","2"),"๓","3"),"๔","4"), "๕","5"),"๖","6"),"๗","7"),"๘","8"),"๙","9")) -> สาขาที่ 151 | F39: 151 | G39: =_xlfn.TEXTBEFORE(D39,CHAR(10)) -> วัดเทพโพธ์ิทอง | H39: =TRIM(_xlfn.TEXTBEFORE(MID(D39,SEARCH("พระ",D39),100),CHAR(10))) -> พระครูสุมนโพธิสุวรรณ (สนธยา สุมโน) | I39: =VALUE(SUBSTITUTE(SUBSTITUTE(SUBSTITUTE(SUBSTITUTE(SUBSTITUTE(SUBSTITUTE(SUBSTITUTE(SUBSTITUTE(SUBSTITUTE(SUBSTITUTE(_xlfn.TEXTBEFORE(_xlfn.TEXTAFTER(D39,"เมื่ออายุ "), " ปี"),"๐","0"),"๑","1"),"๒","2"),"๓","3"),"๔","4"),"๕","5"),"๖","6"),"๗","7"),"๘","8"),"๙","9")) -> 21 | J39: =VALUE(SUBSTITUTE(SUBSTITUTE(SUBSTITUTE(SUBSTITUTE(SUBSTITUTE(SUBSTITUTE(SUBSTITUTE(SUBSTITUTE(SUBSTITUTE(SUBSTITUTE(_xlfn.TEXTBEFORE(_xlfn.TEXTAFTER(D39,"วันที่ "), " "),"๐","0"),"๑","1"),"๒","2"),"๓","3"),"๔","4"),"๕","5"),"๖","6"),"๗","7"),"๘","8"),"๙","9")) -> 11 | K39: =_xlfn.TEXTBEFORE(_xlfn.TEXTAFTER(D39,"วันที่ "&_xlfn.TEXTBEFORE(_xlfn.TEXTAFTER(D39,"วันที่ "), " ")&" "), " ") -> กรกฎาคม | L39: =VALUE(SUBSTITUTE(SUBSTITUTE(SUBSTITUTE(SUBSTITUTE(SUBSTITUTE(SUBSTITUTE(SUBSTITUTE(SUBSTITUTE(SUBSTITUTE(SUBSTITUTE(_xlfn.TEXTBEFORE(_xlfn.TEXTAFTER(_xlfn.TEXTAFTER(D39,"วันที่ ")," "&_xlfn.TEXTBEFORE(_xlfn.TEXTAFTER(D39,"วันที่ "&_xlfn.TEXTBEFORE(_xlfn.TEXTAFTER(D39,"วันที่ "), " ")&" "), " ")&" "), " "),"๐","0"),"๑","1"),"๒","2"),"๓","3"),"๔","4"),"๕","5"),"๖","6"),"๗","7"),"๘","8"),"๙","9")) -> 2524 | M39: =SUBSTITUTE(SUBSTITUTE(SUBSTITUTE(SUBSTITUTE(_xlfn.TEXTBEFORE(SUBSTITUTE(SUBSTITUTE(SUBSTITUTE(SUBSTITUTE(SUBSTITUTE(SUBSTITUTE(SUBSTITUTE(SUBSTITUTE(SUBSTITUTE(SUBSTITUTE(_xlfn.TEXTAFTER(D39,"- "),"๐","0"),"๑","1"),"๒","2"),"๓","3"),"๔","4"),"๕","5"),"๖","6"),"๗","7"),"๘","8"),"๙","9"),","),"(",""),")",""),"-","")," ","") -> 0816007292 | N39: =_xlfn.TEXTBEFORE(_xlfn.TEXTAFTER(D39,CHAR(10)),CHAR(10)&"พระ") -> ๑๒๒ ม.๑๘ บ้านเทพภูทอง ถ.สุรนารายณ์ ต.วะตะแบก อ.เทพสถิต จ.ชัยภูมิ ๓๖๒๓๐ | O39: =YEAR(TODAY())+543 - L39 -> 45 | P39: =VLOOKUP(T39,mapping!C:D,2,0) -> Y | Q39: =IFERROR("อ."&_xlfn.TEXTBEFORE(_xlfn.TEXTAFTER(N39,"อ.")," "),"") -> อ.เทพสถิต | R39: =IFERROR("จ."&_xlfn.TEXTBEFORE(_xlfn.TEXTAFTER(N39,"จ.")," "),"") -> จ.ชัยภูมิ | S39: =IF(LEFT(C39,4)="สาขา","B", IF(LEFT(C39,4)="สำรอ","R", IF(LEFT(C39,4)="สำรว","S",0))) -> B | T39: =S39&F39 -> B151
A40: =+A39+1 -> 38 | C40: สาขาที่ ๐๐๗ | D40: วัดป่าวิเวก (ธรรมชาน์) ๒๒๙ หมู่ที่ ๑ บ.ม่วงสามสิบ ต.ม่วงสามสิบ อ.ม่วงสามสิบ จ.อุบลราชธานี ๓๔๑๔๐ พระครูปลัดสุวัฒนดิเรกคุณ (สว่าง กลฺยาโณ) อุปสมบท เมื่ออายุ ๒๑ ปี วันที่ ๒๗ พฤษภาคม ๒๕๒๕ (ผู้รับรอง) - (๐๘๑) ๙๕๘-๘๙๙๕, | E40: =_xlfn.LET(_xlpm.x,C40, SUBSTITUTE(SUBSTITUTE(SUBSTITUTE(SUBSTITUTE(SUBSTITUTE( SUBSTITUTE(SUBSTITUTE(SUBSTITUTE(SUBSTITUTE(SUBSTITUTE( _xlpm.x,"๐","0"),"๑","1"),"๒","2"),"๓","3"),"๔","4"), "๕","5"),"๖","6"),"๗","7"),"๘","8"),"๙","9")) -> สาขาที่ 007 | F40: 7 | G40: =_xlfn.TEXTBEFORE(D40,CHAR(10)) -> วัดป่าวิเวก (ธรรมชาน์) | H40: =TRIM(_xlfn.TEXTBEFORE(MID(D40,SEARCH("พระ",D40),100),CHAR(10))) -> พระครูปลัดสุวัฒนดิเรกคุณ (สว่าง กลฺยาโณ) | I40: =VALUE(SUBSTITUTE(SUBSTITUTE(SUBSTITUTE(SUBSTITUTE(SUBSTITUTE(SUBSTITUTE(SUBSTITUTE(SUBSTITUTE(SUBSTITUTE(SUBSTITUTE(_xlfn.TEXTBEFORE(_xlfn.TEXTAFTER(D40,"เมื่ออายุ "), " ปี"),"๐","0"),"๑","1"),"๒","2"),"๓","3"),"๔","4"),"๕","5"),"๖","6"),"๗","7"),"๘","8"),"๙","9")) -> 21 | J40: =VALUE(SUBSTITUTE(SUBSTITUTE(SUBSTITUTE(SUBSTITUTE(SUBSTITUTE(SUBSTITUTE(SUBSTITUTE(SUBSTITUTE(SUBSTITUTE(SUBSTITUTE(_xlfn.TEXTBEFORE(_xlfn.TEXTAFTER(D40,"วันที่ "), " "),"๐","0"),"๑","1"),"๒","2"),"๓","3"),"๔","4"),"๕","5"),"๖","6"),"๗","7"),"๘","8"),"๙","9")) -> 27 | K40: =_xlfn.TEXTBEFORE(_xlfn.TEXTAFTER(D40,"วันที่ "&_xlfn.TEXTBEFORE(_xlfn.TEXTAFTER(D40,"วันที่ "), " ")&" "), " ") -> พฤษภาคม | L40: =VALUE(SUBSTITUTE(SUBSTITUTE(SUBSTITUTE(SUBSTITUTE(SUBSTITUTE(SUBSTITUTE(SUBSTITUTE(SUBSTITUTE(SUBSTITUTE(SUBSTITUTE(_xlfn.TEXTBEFORE(_xlfn.TEXTAFTER(_xlfn.TEXTAFTER(D40,"วันที่ ")," "&_xlfn.TEXTBEFORE(_xlfn.TEXTAFTER(D40,"วันที่ "&_xlfn.TEXTBEFORE(_xlfn.TEXTAFTER(D40,"วันที่ "), " ")&" "), " ")&" "), " "),"๐","0"),"๑","1"),"๒","2"),"๓","3"),"๔","4"),"๕","5"),"๖","6"),"๗","7"),"๘","8"),"๙","9")) -> 2525 | M40: =SUBSTITUTE(SUBSTITUTE(SUBSTITUTE(SUBSTITUTE(_xlfn.TEXTBEFORE(SUBSTITUTE(SUBSTITUTE(SUBSTITUTE(SUBSTITUTE(SUBSTITUTE(SUBSTITUTE(SUBSTITUTE(SUBSTITUTE(SUBSTITUTE(SUBSTITUTE(_xlfn.TEXTAFTER(D40,"- "),"๐","0"),"๑","1"),"๒","2"),"๓","3"),"๔","4"),"๕","5"),"๖","6"),"๗","7"),"๘","8"),"๙","9"),","),"(",""),")",""),"-","")," ","") -> 0819588995 | N40: =_xlfn.TEXTBEFORE(_xlfn.TEXTAFTER(D40,CHAR(10)),CHAR(10)&"พระ") -> ๒๒๙ หมู่ที่ ๑ บ.ม่วงสามสิบ ต.ม่วงสามสิบ อ.ม่วงสามสิบ จ.อุบลราชธานี ๓๔๑๔๐ | O40: =YEAR(TODAY())+543 - L40 -> 44 | P40: =VLOOKUP(T40,mapping!C:D,2,0) -> Y | Q40: =IFERROR("อ."&_xlfn.TEXTBEFORE(_xlfn.TEXTAFTER(N40,"อ.")," "),"") -> อ.ม่วงสามสิบ | R40: =IFERROR("จ."&_xlfn.TEXTBEFORE(_xlfn.TEXTAFTER(N40,"จ.")," "),"") -> จ.อุบลราชธานี | S40: =IF(LEFT(C40,4)="สาขา","B", IF(LEFT(C40,4)="สำรอ","R", IF(LEFT(C40,4)="สำรว","S",0))) -> B | T40: =S40&F40 -> B7
A41: =+A40+1 -> 39 | C41: สาขาที่ ๑๓๔ | D41: วัดห้วยแถลง ๘๖ ม.๖ บ้านหนองจิก ต.ห้วยแถลง อ.ห้วยแถลง จ.นครราชสีมา ๓๐๒๔๐ พระอธิการวิจิตร อภิปุญฺโญ อุปสมบท เมื่ออายุ ๓๕ ปี วันที่ ๑๖ พฤศจิกายน ๒๕๒๕ (ผู้รับรอง) - (๐๘๓) ๘๗๙-๓๘๒๕,๐๔๔๓๙๑๑๓๒, | E41: =_xlfn.LET(_xlpm.x,C41, SUBSTITUTE(SUBSTITUTE(SUBSTITUTE(SUBSTITUTE(SUBSTITUTE( SUBSTITUTE(SUBSTITUTE(SUBSTITUTE(SUBSTITUTE(SUBSTITUTE( _xlpm.x,"๐","0"),"๑","1"),"๒","2"),"๓","3"),"๔","4"), "๕","5"),"๖","6"),"๗","7"),"๘","8"),"๙","9")) -> สาขาที่ 134 | F41: 134 | G41: =_xlfn.TEXTBEFORE(D41,CHAR(10)) -> วัดห้วยแถลง | H41: =TRIM(_xlfn.TEXTBEFORE(MID(D41,SEARCH("พระ",D41),100),CHAR(10))) -> พระอธิการวิจิตร อภิปุญฺโญ | I41: =VALUE(SUBSTITUTE(SUBSTITUTE(SUBSTITUTE(SUBSTITUTE(SUBSTITUTE(SUBSTITUTE(SUBSTITUTE(SUBSTITUTE(SUBSTITUTE(SUBSTITUTE(_xlfn.TEXTBEFORE(_xlfn.TEXTAFTER(D41,"เมื่ออายุ "), " ปี"),"๐","0"),"๑","1"),"๒","2"),"๓","3"),"๔","4"),"๕","5"),"๖","6"),"๗","7"),"๘","8"),"๙","9")) -> 35 | J41: =VALUE(SUBSTITUTE(SUBSTITUTE(SUBSTITUTE(SUBSTITUTE(SUBSTITUTE(SUBSTITUTE(SUBSTITUTE(SUBSTITUTE(SUBSTITUTE(SUBSTITUTE(_xlfn.TEXTBEFORE(_xlfn.TEXTAFTER(D41,"วันที่ "), " "),"๐","0"),"๑","1"),"๒","2"),"๓","3"),"๔","4"),"๕","5"),"๖","6"),"๗","7"),"๘","8"),"๙","9")) -> 16 | K41: =_xlfn.TEXTBEFORE(_xlfn.TEXTAFTER(D41,"วันที่ "&_xlfn.TEXTBEFORE(_xlfn.TEXTAFTER(D41,"วันที่ "), " ")&" "), " ") -> พฤศจิกายน | L41: =VALUE(SUBSTITUTE(SUBSTITUTE(SUBSTITUTE(SUBSTITUTE(SUBSTITUTE(SUBSTITUTE(SUBSTITUTE(SUBSTITUTE(SUBSTITUTE(SUBSTITUTE(_xlfn.TEXTBEFORE(_xlfn.TEXTAFTER(_xlfn.TEXTAFTER(D41,"วันที่ ")," "&_xlfn.TEXTBEFORE(_xlfn.TEXTAFTER(D41,"วันที่ "&_xlfn.TEXTBEFORE(_xlfn.TEXTAFTER(D41,"วันที่ "), " ")&" "), " ")&" "), " "),"๐","0"),"๑","1"),"๒","2"),"๓","3"),"๔","4"),"๕","5"),"๖","6"),"๗","7"),"๘","8"),"๙","9")) -> 2525 | M41: =SUBSTITUTE(SUBSTITUTE(SUBSTITUTE(SUBSTITUTE(_xlfn.TEXTBEFORE(SUBSTITUTE(SUBSTITUTE(SUBSTITUTE(SUBSTITUTE(SUBSTITUTE(SUBSTITUTE(SUBSTITUTE(SUBSTITUTE(SUBSTITUTE(SUBSTITUTE(_xlfn.TEXTAFTER(D41,"- "),"๐","0"),"๑","1"),"๒","2"),"๓","3"),"๔","4"),"๕","5"),"๖","6"),"๗","7"),"๘","8"),"๙","9"),","),"(",""),")",""),"-","")," ","") -> 0838793825 | N41: =_xlfn.TEXTBEFORE(_xlfn.TEXTAFTER(D41,CHAR(10)),CHAR(10)&"พระ") -> ๘๖ ม.๖ บ้านหนองจิก ต.ห้วยแถลง อ.ห้วยแถลง จ.นครราชสีมา ๓๐๒๔๐ | O41: =YEAR(TODAY())+543 - L41 -> 44 | P41: =VLOOKUP(T41,mapping!C:D,2,0) -> Y | Q41: =IFERROR("อ."&_xlfn.TEXTBEFORE(_xlfn.TEXTAFTER(N41,"อ.")," "),"") -> อ.ห้วยแถลง | R41: =IFERROR("จ."&_xlfn.TEXTBEFORE(_xlfn.TEXTAFTER(N41,"จ.")," "),"") -> จ.นครราชสีมา | S41: =IF(LEFT(C41,4)="สาขา","B", IF(LEFT(C41,4)="สำรอ","R", IF(LEFT(C41,4)="สำรว","S",0))) -> B | T41: =S41&F41 -> B134
A42: =+A41+1 -> 40 | C42: สาขาที่ ๑๕๓ | D42: ที่พักสงฆ์ธุดงค์ธรรม ๑๒๙ ม.๖ บ้านห้วยม่วงฝั่งซ้าย ต.แม่สอย อ.จอมทอง จ.เชียงใหม่ ๕๐๒๔๐ พระอาจารย์สมพร ขนฺติพโล อุปสมบท เมื่ออายุ ๒๐ ปี วันที่ ๑๖ พฤศจิกายน ๒๕๒๕ (ผู้รับรอง) - (๐๘๑) ๙๓๑-๕๘๑๗, | E42: =_xlfn.LET(_xlpm.x,C42, SUBSTITUTE(SUBSTITUTE(SUBSTITUTE(SUBSTITUTE(SUBSTITUTE( SUBSTITUTE(SUBSTITUTE(SUBSTITUTE(SUBSTITUTE(SUBSTITUTE( _xlpm.x,"๐","0"),"๑","1"),"๒","2"),"๓","3"),"๔","4"), "๕","5"),"๖","6"),"๗","7"),"๘","8"),"๙","9")) -> สาขาที่ 153 | F42: 153 | G42: =_xlfn.TEXTBEFORE(D42,CHAR(10)) -> ที่พักสงฆ์ธุดงค์ธรรม | H42: =TRIM(_xlfn.TEXTBEFORE(MID(D42,SEARCH("พระ",D42),100),CHAR(10))) -> พระอาจารย์สมพร ขนฺติพโล | I42: =VALUE(SUBSTITUTE(SUBSTITUTE(SUBSTITUTE(SUBSTITUTE(SUBSTITUTE(SUBSTITUTE(SUBSTITUTE(SUBSTITUTE(SUBSTITUTE(SUBSTITUTE(_xlfn.TEXTBEFORE(_xlfn.TEXTAFTER(D42,"เมื่ออายุ "), " ปี"),"๐","0"),"๑","1"),"๒","2"),"๓","3"),"๔","4"),"๕","5"),"๖","6"),"๗","7"),"๘","8"),"๙","9")) -> 20 | J42: =VALUE(SUBSTITUTE(SUBSTITUTE(SUBSTITUTE(SUBSTITUTE(SUBSTITUTE(SUBSTITUTE(SUBSTITUTE(SUBSTITUTE(SUBSTITUTE(SUBSTITUTE(_xlfn.TEXTBEFORE(_xlfn.TEXTAFTER(D42,"วันที่ "), " "),"๐","0"),"๑","1"),"๒","2"),"๓","3"),"๔","4"),"๕","5"),"๖","6"),"๗","7"),"๘","8"),"๙","9")) -> 16 | K42: =_xlfn.TEXTBEFORE(_xlfn.TEXTAFTER(D42,"วันที่ "&_xlfn.TEXTBEFORE(_xlfn.TEXTAFTER(D42,"วันที่ "), " ")&" "), " ") -> พฤศจิกายน | L42: =VALUE(SUBSTITUTE(SUBSTITUTE(SUBSTITUTE(SUBSTITUTE(SUBSTITUTE(SUBSTITUTE(SUBSTITUTE(SUBSTITUTE(SUBSTITUTE(SUBSTITUTE(_xlfn.TEXTBEFORE(_xlfn.TEXTAFTER(_xlfn.TEXTAFTER(D42,"วันที่ ")," "&_xlfn.TEXTBEFORE(_xlfn.TEXTAFTER(D42,"วันที่ "&_xlfn.TEXTBEFORE(_xlfn.TEXTAFTER(D42,"วันที่ "), " ")&" "), " ")&" "), " "),"๐","0"),"๑","1"),"๒","2"),"๓","3"),"๔","4"),"๕","5"),"๖","6"),"๗","7"),"๘","8"),"๙","9")) -> 2525 | M42: =SUBSTITUTE(SUBSTITUTE(SUBSTITUTE(SUBSTITUTE(_xlfn.TEXTBEFORE(SUBSTITUTE(SUBSTITUTE(SUBSTITUTE(SUBSTITUTE(SUBSTITUTE(SUBSTITUTE(SUBSTITUTE(SUBSTITUTE(SUBSTITUTE(SUBSTITUTE(_xlfn.TEXTAFTER(D42,"- "),"๐","0"),"๑","1"),"๒","2"),"๓","3"),"๔","4"),"๕","5"),"๖","6"),"๗","7"),"๘","8"),"๙","9"),","),"(",""),")",""),"-","")," ","") -> 0819315817 | N42: =_xlfn.TEXTBEFORE(_xlfn.TEXTAFTER(D42,CHAR(10)),CHAR(10)&"พระ") -> ๑๒๙ ม.๖ บ้านห้วยม่วงฝั่งซ้าย ต.แม่สอย อ.จอมทอง จ.เชียงใหม่ ๕๐๒๔๐ | O42: =YEAR(TODAY())+543 - L42 -> 44 | P42: =VLOOKUP(T42,mapping!C:D,2,0) -> Y | Q42: =IFERROR("อ."&_xlfn.TEXTBEFORE(_xlfn.TEXTAFTER(N42,"อ.")," "),"") -> อ.จอมทอง | R42: =IFERROR("จ."&_xlfn.TEXTBEFORE(_xlfn.TEXTAFTER(N42,"จ.")," "),"") -> จ.เชียงใหม่ | S42: =IF(LEFT(C42,4)="สาขา","B", IF(LEFT(C42,4)="สำรอ","R", IF(LEFT(C42,4)="สำรว","S",0))) -> B | T42: =S42&F42 -> B153
A43: =+A42+1 -> 41 | C43: สาขาที่ ๐๗๖ | D43: วัดบ้านตาแบน(ป่าตาแบน) ม.๙ บ้านตาแบน ต.ศรีแก้ว อ.ศรีรัตนะ จ.ศรีสะเกษ ๓๓๒๔๐ พระอธิการปัด ปุญฺญกาโม อุปสมบท เมื่ออายุ ๒๙ ปี วันที่ ๔ พฤษภาคม ๒๕๒๖ (ผู้รับรอง) - (๐๘๑) ๐๖๙-๕๐๓๕, | E43: =_xlfn.LET(_xlpm.x,C43, SUBSTITUTE(SUBSTITUTE(SUBSTITUTE(SUBSTITUTE(SUBSTITUTE( SUBSTITUTE(SUBSTITUTE(SUBSTITUTE(SUBSTITUTE(SUBSTITUTE( _xlpm.x,"๐","0"),"๑","1"),"๒","2"),"๓","3"),"๔","4"), "๕","5"),"๖","6"),"๗","7"),"๘","8"),"๙","9")) -> สาขาที่ 076 | F43: 76 | G43: =_xlfn.TEXTBEFORE(D43,CHAR(10)) -> วัดบ้านตาแบน(ป่าตาแบน) | H43: =TRIM(_xlfn.TEXTBEFORE(MID(D43,SEARCH("พระ",D43),100),CHAR(10))) -> พระอธิการปัด ปุญฺญกาโม | I43: =VALUE(SUBSTITUTE(SUBSTITUTE(SUBSTITUTE(SUBSTITUTE(SUBSTITUTE(SUBSTITUTE(SUBSTITUTE(SUBSTITUTE(SUBSTITUTE(SUBSTITUTE(_xlfn.TEXTBEFORE(_xlfn.TEXTAFTER(D43,"เมื่ออายุ "), " ปี"),"๐","0"),"๑","1"),"๒","2"),"๓","3"),"๔","4"),"๕","5"),"๖","6"),"๗","7"),"๘","8"),"๙","9")) -> 29 | J43: =VALUE(SUBSTITUTE(SUBSTITUTE(SUBSTITUTE(SUBSTITUTE(SUBSTITUTE(SUBSTITUTE(SUBSTITUTE(SUBSTITUTE(SUBSTITUTE(SUBSTITUTE(_xlfn.TEXTBEFORE(_xlfn.TEXTAFTER(D43,"วันที่ "), " "),"๐","0"),"๑","1"),"๒","2"),"๓","3"),"๔","4"),"๕","5"),"๖","6"),"๗","7"),"๘","8"),"๙","9")) -> 4 | K43: =_xlfn.TEXTBEFORE(_xlfn.TEXTAFTER(D43,"วันที่ "&_xlfn.TEXTBEFORE(_xlfn.TEXTAFTER(D43,"วันที่ "), " ")&" "), " ") -> พฤษภาคม | L43: =VALUE(SUBSTITUTE(SUBSTITUTE(SUBSTITUTE(SUBSTITUTE(SUBSTITUTE(SUBSTITUTE(SUBSTITUTE(SUBSTITUTE(SUBSTITUTE(SUBSTITUTE(_xlfn.TEXTBEFORE(_xlfn.TEXTAFTER(_xlfn.TEXTAFTER(D43,"วันที่ ")," "&_xlfn.TEXTBEFORE(_xlfn.TEXTAFTER(D43,"วันที่ "&_xlfn.TEXTBEFORE(_xlfn.TEXTAFTER(D43,"วันที่ "), " ")&" "), " ")&" "), " "),"๐","0"),"๑","1"),"๒","2"),"๓","3"),"๔","4"),"๕","5"),"๖","6"),"๗","7"),"๘","8"),"๙","9")) -> 2526 | M43: =SUBSTITUTE(SUBSTITUTE(SUBSTITUTE(SUBSTITUTE(_xlfn.TEXTBEFORE(SUBSTITUTE(SUBSTITUTE(SUBSTITUTE(SUBSTITUTE(SUBSTITUTE(SUBSTITUTE(SUBSTITUTE(SUBSTITUTE(SUBSTITUTE(SUBSTITUTE(_xlfn.TEXTAFTER(D43,"- "),"๐","0"),"๑","1"),"๒","2"),"๓","3"),"๔","4"),"๕","5"),"๖","6"),"๗","7"),"๘","8"),"๙","9"),","),"(",""),")",""),"-","")," ","") -> 0810695035 | N43: =_xlfn.TEXTBEFORE(_xlfn.TEXTAFTER(D43,CHAR(10)),CHAR(10)&"พระ") -> ม.๙ บ้านตาแบน ต.ศรีแก้ว อ.ศรีรัตนะ จ.ศรีสะเกษ ๓๓๒๔๐ | O43: =YEAR(TODAY())+543 - L43 -> 43 | P43: =VLOOKUP(T43,mapping!C:D,2,0) -> Y | Q43: =IFERROR("อ."&_xlfn.TEXTBEFORE(_xlfn.TEXTAFTER(N43,"อ.")," "),"") -> อ.ศรีรัตนะ | R43: =IFERROR("จ."&_xlfn.TEXTBEFORE(_xlfn.TEXTAFTER(N43,"จ.")," "),"") -> จ.ศรีสะเกษ | S43: =IF(LEFT(C43,4)="สาขา","B", IF(LEFT(C43,4)="สำรอ","R", IF(LEFT(C43,4)="สำรว","S",0))) -> B | T43: =S43&F43 -> B76
A44: =+A43+1 -> 42 | C44: สาขาที่ ๑๑๑ | D44: วัดป่าทุ่งวัว ๓๖ ม.๑๓ บ้านทุ่งวัว ต.ทุ่งพระยา อ.สนามชัยเขต จ.ฉะเชิงเทรา ๒๔๑๖๐ พระครูมงคลวิสุทธิธรรม บุญมี เตชธมฺโม อุปสมบท เมื่ออายุ ๔๕ ปี วันที่ ๒๖ กรกฎาคม ๒๕๒๖ (ผู้รับรอง) - (๐๘๔) ๕๖๕-๒๕๘๑, | E44: =_xlfn.LET(_xlpm.x,C44, SUBSTITUTE(SUBSTITUTE(SUBSTITUTE(SUBSTITUTE(SUBSTITUTE( SUBSTITUTE(SUBSTITUTE(SUBSTITUTE(SUBSTITUTE(SUBSTITUTE( _xlpm.x,"๐","0"),"๑","1"),"๒","2"),"๓","3"),"๔","4"), "๕","5"),"๖","6"),"๗","7"),"๘","8"),"๙","9")) -> สาขาที่ 111 | F44: 111 | G44: =_xlfn.TEXTBEFORE(D44,CHAR(10)) -> วัดป่าทุ่งวัว | H44: =TRIM(_xlfn.TEXTBEFORE(MID(D44,SEARCH("พระค",D44),100),CHAR(10))) -> พระครูมงคลวิสุทธิธรรม บุญมี เตชธมฺโม | I44: =VALUE(SUBSTITUTE(SUBSTITUTE(SUBSTITUTE(SUBSTITUTE(SUBSTITUTE(SUBSTITUTE(SUBSTITUTE(SUBSTITUTE(SUBSTITUTE(SUBSTITUTE(_xlfn.TEXTBEFORE(_xlfn.TEXTAFTER(D44,"เมื่ออายุ "), " ปี"),"๐","0"),"๑","1"),"๒","2"),"๓","3"),"๔","4"),"๕","5"),"๖","6"),"๗","7"),"๘","8"),"๙","9")) -> 45 | J44: =VALUE(SUBSTITUTE(SUBSTITUTE(SUBSTITUTE(SUBSTITUTE(SUBSTITUTE(SUBSTITUTE(SUBSTITUTE(SUBSTITUTE(SUBSTITUTE(SUBSTITUTE(_xlfn.TEXTBEFORE(_xlfn.TEXTAFTER(D44,"วันที่ "), " "),"๐","0"),"๑","1"),"๒","2"),"๓","3"),"๔","4"),"๕","5"),"๖","6"),"๗","7"),"๘","8"),"๙","9")) -> 26 | K44: =_xlfn.TEXTBEFORE(_xlfn.TEXTAFTER(D44,"วันที่ "&_xlfn.TEXTBEFORE(_xlfn.TEXTAFTER(D44,"วันที่ "), " ")&" "), " ") -> กรกฎาคม | L44: =VALUE(SUBSTITUTE(SUBSTITUTE(SUBSTITUTE(SUBSTITUTE(SUBSTITUTE(SUBSTITUTE(SUBSTITUTE(SUBSTITUTE(SUBSTITUTE(SUBSTITUTE(_xlfn.TEXTBEFORE(_xlfn.TEXTAFTER(_xlfn.TEXTAFTER(D44,"วันที่ ")," "&_xlfn.TEXTBEFORE(_xlfn.TEXTAFTER(D44,"วันที่ "&_xlfn.TEXTBEFORE(_xlfn.TEXTAFTER(D44,"วันที่ "), " ")&" "), " ")&" "), " "),"๐","0"),"๑","1"),"๒","2"),"๓","3"),"๔","4"),"๕","5"),"๖","6"),"๗","7"),"๘","8"),"๙","9")) -> 2526 | M44: =SUBSTITUTE(SUBSTITUTE(SUBSTITUTE(SUBSTITUTE(_xlfn.TEXTBEFORE(SUBSTITUTE(SUBSTITUTE(SUBSTITUTE(SUBSTITUTE(SUBSTITUTE(SUBSTITUTE(SUBSTITUTE(SUBSTITUTE(SUBSTITUTE(SUBSTITUTE(_xlfn.TEXTAFTER(D44,"- "),"๐","0"),"๑","1"),"๒","2"),"๓","3"),"๔","4"),"๕","5"),"๖","6"),"๗","7"),"๘","8"),"๙","9"),","),"(",""),")",""),"-","")," ","") -> 0845652581 | N44: =_xlfn.TEXTBEFORE(_xlfn.TEXTAFTER(D44,CHAR(10)),CHAR(10)&"พระ") -> ๓๖ ม.๑๓ บ้านทุ่งวัว ต.ทุ่งพระยา อ.สนามชัยเขต จ.ฉะเชิงเทรา ๒๔๑๖๐ | O44: =YEAR(TODAY())+543 - L44 -> 43 | P44: =VLOOKUP(T44,mapping!C:D,2,0) -> Y | Q44: =IFERROR("อ."&_xlfn.TEXTBEFORE(_xlfn.TEXTAFTER(N44,"อ.")," "),"") -> อ.สนามชัยเขต | R44: =IFERROR("จ."&_xlfn.TEXTBEFORE(_xlfn.TEXTAFTER(N44,"จ.")," "),"") -> จ.ฉะเชิงเทรา | S44: =IF(LEFT(C44,4)="สาขา","B", IF(LEFT(C44,4)="สำรอ","R", IF(LEFT(C44,4)="สำรว","S",0))) -> B | T44: =S44&F44 -> B111
A45: =+A44+1 -> 43 | C45: สาขาที่ ๐๐๓ | D45: วัดโนนสำเริง ๑๓๙ หมู่ที่ ๙ บ้านโนนสำเริง ต.น้ำอ้อม อ.กันทรลักษ์ จ.ศรีสะเกษ ๓๓๑๑๐ พระครูสถิตอุดมคุณ (เสถียร กนฺตสีโล) อุปสมบท เมื่ออายุ ๒๓ ปี วันที่ ๘ กรกฎาคม ๒๕๒๗ (ผู้รับรอง) - (๐๘๑) ๘๗๖-๔๐๙๖, | E45: =_xlfn.LET(_xlpm.x,C45, SUBSTITUTE(SUBSTITUTE(SUBSTITUTE(SUBSTITUTE(SUBSTITUTE( SUBSTITUTE(SUBSTITUTE(SUBSTITUTE(SUBSTITUTE(SUBSTITUTE( _xlpm.x,"๐","0"),"๑","1"),"๒","2"),"๓","3"),"๔","4"), "๕","5"),"๖","6"),"๗","7"),"๘","8"),"๙","9")) -> สาขาที่ 003 | F45: 3 | G45: =_xlfn.TEXTBEFORE(D45,CHAR(10)) -> วัดโนนสำเริง | H45: =TRIM(_xlfn.TEXTBEFORE(MID(D45,SEARCH("พระ",D45),100),CHAR(10))) -> พระครูสถิตอุดมคุณ (เสถียร กนฺตสีโล) | I45: =VALUE(SUBSTITUTE(SUBSTITUTE(SUBSTITUTE(SUBSTITUTE(SUBSTITUTE(SUBSTITUTE(SUBSTITUTE(SUBSTITUTE(SUBSTITUTE(SUBSTITUTE(_xlfn.TEXTBEFORE(_xlfn.TEXTAFTER(D45,"เมื่ออายุ "), " ปี"),"๐","0"),"๑","1"),"๒","2"),"๓","3"),"๔","4"),"๕","5"),"๖","6"),"๗","7"),"๘","8"),"๙","9")) -> 23 | J45: =VALUE(SUBSTITUTE(SUBSTITUTE(SUBSTITUTE(SUBSTITUTE(SUBSTITUTE(SUBSTITUTE(SUBSTITUTE(SUBSTITUTE(SUBSTITUTE(SUBSTITUTE(_xlfn.TEXTBEFORE(_xlfn.TEXTAFTER(D45,"วันที่ "), " "),"๐","0"),"๑","1"),"๒","2"),"๓","3"),"๔","4"),"๕","5"),"๖","6"),"๗","7"),"๘","8"),"๙","9")) -> 8 | K45: =_xlfn.TEXTBEFORE(_xlfn.TEXTAFTER(D45,"วันที่ "&_xlfn.TEXTBEFORE(_xlfn.TEXTAFTER(D45,"วันที่ "), " ")&" "), " ") -> กรกฎาคม | L45: =VALUE(SUBSTITUTE(SUBSTITUTE(SUBSTITUTE(SUBSTITUTE(SUBSTITUTE(SUBSTITUTE(SUBSTITUTE(SUBSTITUTE(SUBSTITUTE(SUBSTITUTE(_xlfn.TEXTBEFORE(_xlfn.TEXTAFTER(_xlfn.TEXTAFTER(D45,"วันที่ ")," "&_xlfn.TEXTBEFORE(_xlfn.TEXTAFTER(D45,"วันที่ "&_xlfn.TEXTBEFORE(_xlfn.TEXTAFTER(D45,"วันที่ "), " ")&" "), " ")&" "), " "),"๐","0"),"๑","1"),"๒","2"),"๓","3"),"๔","4"),"๕","5"),"๖","6"),"๗","7"),"๘","8"),"๙","9")) -> 2527 | M45: =SUBSTITUTE(SUBSTITUTE(SUBSTITUTE(SUBSTITUTE(_xlfn.TEXTBEFORE(SUBSTITUTE(SUBSTITUTE(SUBSTITUTE(SUBSTITUTE(SUBSTITUTE(SUBSTITUTE(SUBSTITUTE(SUBSTITUTE(SUBSTITUTE(SUBSTITUTE(_xlfn.TEXTAFTER(D45,"- "),"๐","0"),"๑","1"),"๒","2"),"๓","3"),"๔","4"),"๕","5"),"๖","6"),"๗","7"),"๘","8"),"๙","9"),","),"(",""),")",""),"-","")," ","") -> 0818764096 | N45: =_xlfn.TEXTBEFORE(_xlfn.TEXTAFTER(D45,CHAR(10)),CHAR(10)&"พระ") -> ๑๓๙ หมู่ที่ ๙ บ้านโนนสำเริง ต.น้ำอ้อม อ.กันทรลักษ์ จ.ศรีสะเกษ ๓๓๑๑๐ | O45: =YEAR(TODAY())+543 - L45 -> 42 | P45: =VLOOKUP(T45,mapping!C:D,2,0) -> Y | Q45: =IFERROR("อ."&_xlfn.TEXTBEFORE(_xlfn.TEXTAFTER(N45,"อ.")," "),"") -> อ.กันทรลักษ์ | R45: =IFERROR("จ."&_xlfn.TEXTBEFORE(_xlfn.TEXTAFTER(N45,"จ.")," "),"") -> จ.ศรีสะเกษ | S45: =IF(LEFT(C45,4)="สาขา","B", IF(LEFT(C45,4)="สำรอ","R", IF(LEFT(C45,4)="สำรว","S",0))) -> B | T45: =S45&F45 -> B3
A46: =+A45+1 -> 44 | C46: สาขาที่ ๐๖๘ | D46: วัดป่าไทรงาม ๓๙๓ หมู่ ๔ บ้านไทรงาม ต.ไทรงาม อ.ไทรงาม จ.กำแพงเพชร ๖๒๑๕๐ พระครูโสภณวชิรกิจ (สง่า อุฏฺฐาโน) อุปสมบท เมื่ออายุ ๒๐ ปี วันที่ ๓๐ เมษายน ๒๕๒๗ (ผู้รับรอง) - (๐๘๒) ๘๘๒-๐๐๘๙, | E46: =_xlfn.LET(_xlpm.x,C46, SUBSTITUTE(SUBSTITUTE(SUBSTITUTE(SUBSTITUTE(SUBSTITUTE( SUBSTITUTE(SUBSTITUTE(SUBSTITUTE(SUBSTITUTE(SUBSTITUTE( _xlpm.x,"๐","0"),"๑","1"),"๒","2"),"๓","3"),"๔","4"), "๕","5"),"๖","6"),"๗","7"),"๘","8"),"๙","9")) -> สาขาที่ 068 | F46: 68 | G46: =_xlfn.TEXTBEFORE(D46,CHAR(10)) -> วัดป่าไทรงาม | H46: =TRIM(_xlfn.TEXTBEFORE(MID(D46,SEARCH("พระ",D46),100),CHAR(10))) -> พระครูโสภณวชิรกิจ (สง่า อุฏฺฐาโน) | I46: =VALUE(SUBSTITUTE(SUBSTITUTE(SUBSTITUTE(SUBSTITUTE(SUBSTITUTE(SUBSTITUTE(SUBSTITUTE(SUBSTITUTE(SUBSTITUTE(SUBSTITUTE(_xlfn.TEXTBEFORE(_xlfn.TEXTAFTER(D46,"เมื่ออายุ "), " ปี"),"๐","0"),"๑","1"),"๒","2"),"๓","3"),"๔","4"),"๕","5"),"๖","6"),"๗","7"),"๘","8"),"๙","9")) -> 20 | J46: =VALUE(SUBSTITUTE(SUBSTITUTE(SUBSTITUTE(SUBSTITUTE(SUBSTITUTE(SUBSTITUTE(SUBSTITUTE(SUBSTITUTE(SUBSTITUTE(SUBSTITUTE(_xlfn.TEXTBEFORE(_xlfn.TEXTAFTER(D46,"วันที่ "), " "),"๐","0"),"๑","1"),"๒","2"),"๓","3"),"๔","4"),"๕","5"),"๖","6"),"๗","7"),"๘","8"),"๙","9")) -> 30 | K46: =_xlfn.TEXTBEFORE(_xlfn.TEXTAFTER(D46,"วันที่ "&_xlfn.TEXTBEFORE(_xlfn.TEXTAFTER(D46,"วันที่ "), " ")&" "), " ") -> เมษายน | L46: =VALUE(SUBSTITUTE(SUBSTITUTE(SUBSTITUTE(SUBSTITUTE(SUBSTITUTE(SUBSTITUTE(SUBSTITUTE(SUBSTITUTE(SUBSTITUTE(SUBSTITUTE(_xlfn.TEXTBEFORE(_xlfn.TEXTAFTER(_xlfn.TEXTAFTER(D46,"วันที่ ")," "&_xlfn.TEXTBEFORE(_xlfn.TEXTAFTER(D46,"วันที่ "&_xlfn.TEXTBEFORE(_xlfn.TEXTAFTER(D46,"วันที่ "), " ")&" "), " ")&" "), " "),"๐","0"),"๑","1"),"๒","2"),"๓","3"),"๔","4"),"๕","5"),"๖","6"),"๗","7"),"๘","8"),"๙","9")) -> 2527 | M46: =SUBSTITUTE(SUBSTITUTE(SUBSTITUTE(SUBSTITUTE(_xlfn.TEXTBEFORE(SUBSTITUTE(SUBSTITUTE(SUBSTITUTE(SUBSTITUTE(SUBSTITUTE(SUBSTITUTE(SUBSTITUTE(SUBSTITUTE(SUBSTITUTE(SUBSTITUTE(_xlfn.TEXTAFTER(D46,"- "),"๐","0"),"๑","1"),"๒","2"),"๓","3"),"๔","4"),"๕","5"),"๖","6"),"๗","7"),"๘","8"),"๙","9"),","),"(",""),")",""),"-","")," ","") -> 0828820089 | N46: =_xlfn.TEXTBEFORE(_xlfn.TEXTAFTER(D46,CHAR(10)),CHAR(10)&"พระ") -> ๓๙๓ หมู่ ๔ บ้านไทรงาม ต.ไทรงาม อ.ไทรงาม จ.กำแพงเพชร ๖๒๑๕๐ | O46: =YEAR(TODAY())+543 - L46 -> 42 | P46: =VLOOKUP(T46,mapping!C:D,2,0) -> Y | Q46: =IFERROR("อ."&_xlfn.TEXTBEFORE(_xlfn.TEXTAFTER(N46,"อ.")," "),"") -> อ.ไทรงาม | R46: =IFERROR("จ."&_xlfn.TEXTBEFORE(_xlfn.TEXTAFTER(N46,"จ.")," "),"") -> จ.กำแพงเพชร | S46: =IF(LEFT(C46,4)="สาขา","B", IF(LEFT(C46,4)="สำรอ","R", IF(LEFT(C46,4)="สำรว","S",0))) -> B | T46: =S46&F46 -> B68
A47: =+A46+1 -> 45 | C47: สาขาที่ ๑๕๕ | D47: วัดป่าบึงทวาย ๑๕ ม.๑ บ้านบึงทวาย ต.บึงทวาย อ.เต่างอย จ.สกลนคร ๗๔๒๖๐ พระครูคัมภีร์สิทธิธรรม (ไหล คมฺภีโร) อุปสมบท เมื่ออายุ ๒๑ ปี วันที่ ๒๗ มีนาคม ๒๕๒๗ (ผู้รับรอง) - (๐๖๕) ๘๙๘-๙๑๕๙, | E47: =_xlfn.LET(_xlpm.x,C47, SUBSTITUTE(SUBSTITUTE(SUBSTITUTE(SUBSTITUTE(SUBSTITUTE( SUBSTITUTE(SUBSTITUTE(SUBSTITUTE(SUBSTITUTE(SUBSTITUTE( _xlpm.x,"๐","0"),"๑","1"),"๒","2"),"๓","3"),"๔","4"), "๕","5"),"๖","6"),"๗","7"),"๘","8"),"๙","9")) -> สาขาที่ 155 | F47: 155 | G47: =_xlfn.TEXTBEFORE(D47,CHAR(10)) -> วัดป่าบึงทวาย | H47: =TRIM(_xlfn.TEXTBEFORE(MID(D47,SEARCH("พระ",D47),100),CHAR(10))) -> พระครูคัมภีร์สิทธิธรรม (ไหล คมฺภีโร) | I47: =VALUE(SUBSTITUTE(SUBSTITUTE(SUBSTITUTE(SUBSTITUTE(SUBSTITUTE(SUBSTITUTE(SUBSTITUTE(SUBSTITUTE(SUBSTITUTE(SUBSTITUTE(_xlfn.TEXTBEFORE(_xlfn.TEXTAFTER(D47,"เมื่ออายุ "), " ปี"),"๐","0"),"๑","1"),"๒","2"),"๓","3"),"๔","4"),"๕","5"),"๖","6"),"๗","7"),"๘","8"),"๙","9")) -> 21 | J47: =VALUE(SUBSTITUTE(SUBSTITUTE(SUBSTITUTE(SUBSTITUTE(SUBSTITUTE(SUBSTITUTE(SUBSTITUTE(SUBSTITUTE(SUBSTITUTE(SUBSTITUTE(_xlfn.TEXTBEFORE(_xlfn.TEXTAFTER(D47,"วันที่ "), " "),"๐","0"),"๑","1"),"๒","2"),"๓","3"),"๔","4"),"๕","5"),"๖","6"),"๗","7"),"๘","8"),"๙","9")) -> 27 | K47: =_xlfn.TEXTBEFORE(_xlfn.TEXTAFTER(D47,"วันที่ "&_xlfn.TEXTBEFORE(_xlfn.TEXTAFTER(D47,"วันที่ "), " ")&" "), " ") -> มีนาคม | L47: =VALUE(SUBSTITUTE(SUBSTITUTE(SUBSTITUTE(SUBSTITUTE(SUBSTITUTE(SUBSTITUTE(SUBSTITUTE(SUBSTITUTE(SUBSTITUTE(SUBSTITUTE(_xlfn.TEXTBEFORE(_xlfn.TEXTAFTER(_xlfn.TEXTAFTER(D47,"วันที่ ")," "&_xlfn.TEXTBEFORE(_xlfn.TEXTAFTER(D47,"วันที่ "&_xlfn.TEXTBEFORE(_xlfn.TEXTAFTER(D47,"วันที่ "), " ")&" "), " ")&" "), " "),"๐","0"),"๑","1"),"๒","2"),"๓","3"),"๔","4"),"๕","5"),"๖","6"),"๗","7"),"๘","8"),"๙","9")) -> 2527 | M47: =SUBSTITUTE(SUBSTITUTE(SUBSTITUTE(SUBSTITUTE(_xlfn.TEXTBEFORE(SUBSTITUTE(SUBSTITUTE(SUBSTITUTE(SUBSTITUTE(SUBSTITUTE(SUBSTITUTE(SUBSTITUTE(SUBSTITUTE(SUBSTITUTE(SUBSTITUTE(_xlfn.TEXTAFTER(D47,"- "),"๐","0"),"๑","1"),"๒","2"),"๓","3"),"๔","4"),"๕","5"),"๖","6"),"๗","7"),"๘","8"),"๙","9"),","),"(",""),")",""),"-","")," ","") -> 0658989159 | N47: =_xlfn.TEXTBEFORE(_xlfn.TEXTAFTER(D47,CHAR(10)),CHAR(10)&"พระ") -> ๑๕ ม.๑ บ้านบึงทวาย ต.บึงทวาย อ.เต่างอย จ.สกลนคร ๗๔๒๖๐ | O47: =YEAR(TODAY())+543 - L47 -> 42 | P47: =VLOOKUP(T47,mapping!C:D,2,0) -> Y | Q47: =IFERROR("อ."&_xlfn.TEXTBEFORE(_xlfn.TEXTAFTER(N47,"อ.")," "),"") -> อ.เต่างอย | R47: =IFERROR("จ."&_xlfn.TEXTBEFORE(_xlfn.TEXTAFTER(N47,"จ.")," "),"") -> จ.สกลนคร | S47: =IF(LEFT(C47,4)="สาขา","B", IF(LEFT(C47,4)="สำรอ","R", IF(LEFT(C47,4)="สำรว","S",0))) -> B | T47: =S47&F47 -> B155
A48: =+A47+1 -> 46 | C48: สาขาที่ ๑๙๓ | D48: วัดป่าหนองกุง บ้านหนองกุงใหญ่ ต.หนองกุง อ.ตาลสุม จ.อุบลราชธานี ๓๔๓๓๐ พระครูวินัยธรถวิล ถาวโร อุปสมบท เมื่ออายุ ๒๑ ปี วันที่ ๒๓ มิถุนายน ๒๕๒๗ (ผู้รับรอง) - (๐๘๙) ๕๗๙-๐๒๖๔, | E48: =_xlfn.LET(_xlpm.x,C48, SUBSTITUTE(SUBSTITUTE(SUBSTITUTE(SUBSTITUTE(SUBSTITUTE( SUBSTITUTE(SUBSTITUTE(SUBSTITUTE(SUBSTITUTE(SUBSTITUTE( _xlpm.x,"๐","0"),"๑","1"),"๒","2"),"๓","3"),"๔","4"), "๕","5"),"๖","6"),"๗","7"),"๘","8"),"๙","9")) -> สาขาที่ 193 | F48: 193 | G48: =_xlfn.TEXTBEFORE(D48,CHAR(10)) -> วัดป่าหนองกุง | H48: =TRIM(_xlfn.TEXTBEFORE(MID(D48,SEARCH("พระ",D48),100),CHAR(10))) -> พระครูวินัยธรถวิล ถาวโร | I48: =VALUE(SUBSTITUTE(SUBSTITUTE(SUBSTITUTE(SUBSTITUTE(SUBSTITUTE(SUBSTITUTE(SUBSTITUTE(SUBSTITUTE(SUBSTITUTE(SUBSTITUTE(_xlfn.TEXTBEFORE(_xlfn.TEXTAFTER(D48,"เมื่ออายุ "), " ปี"),"๐","0"),"๑","1"),"๒","2"),"๓","3"),"๔","4"),"๕","5"),"๖","6"),"๗","7"),"๘","8"),"๙","9")) -> 21 | J48: =VALUE(SUBSTITUTE(SUBSTITUTE(SUBSTITUTE(SUBSTITUTE(SUBSTITUTE(SUBSTITUTE(SUBSTITUTE(SUBSTITUTE(SUBSTITUTE(SUBSTITUTE(_xlfn.TEXTBEFORE(_xlfn.TEXTAFTER(D48,"วันที่ "), " "),"๐","0"),"๑","1"),"๒","2"),"๓","3"),"๔","4"),"๕","5"),"๖","6"),"๗","7"),"๘","8"),"๙","9")) -> 23 | K48: =_xlfn.TEXTBEFORE(_xlfn.TEXTAFTER(D48,"วันที่ "&_xlfn.TEXTBEFORE(_xlfn.TEXTAFTER(D48,"วันที่ "), " ")&" "), " ") -> มิถุนายน | L48: =VALUE(SUBSTITUTE(SUBSTITUTE(SUBSTITUTE(SUBSTITUTE(SUBSTITUTE(SUBSTITUTE(SUBSTITUTE(SUBSTITUTE(SUBSTITUTE(SUBSTITUTE(_xlfn.TEXTBEFORE(_xlfn.TEXTAFTER(_xlfn.TEXTAFTER(D48,"วันที่ ")," "&_xlfn.TEXTBEFORE(_xlfn.TEXTAFTER(D48,"วันที่ "&_xlfn.TEXTBEFORE(_xlfn.TEXTAFTER(D48,"วันที่ "), " ")&" "), " ")&" "), " "),"๐","0"),"๑","1"),"๒","2"),"๓","3"),"๔","4"),"๕","5"),"๖","6"),"๗","7"),"๘","8"),"๙","9")) -> 2527 | M48: =SUBSTITUTE(SUBSTITUTE(SUBSTITUTE(SUBSTITUTE(_xlfn.TEXTBEFORE(SUBSTITUTE(SUBSTITUTE(SUBSTITUTE(SUBSTITUTE(SUBSTITUTE(SUBSTITUTE(SUBSTITUTE(SUBSTITUTE(SUBSTITUTE(SUBSTITUTE(_xlfn.TEXTAFTER(D48,"- "),"๐","0"),"๑","1"),"๒","2"),"๓","3"),"๔","4"),"๕","5"),"๖","6"),"๗","7"),"๘","8"),"๙","9"),","),"(",""),")",""),"-","")," ","") -> 0895790264 | N48: =_xlfn.TEXTBEFORE(_xlfn.TEXTAFTER(D48,CHAR(10)),CHAR(10)&"พระ") -> บ้านหนองกุงใหญ่ ต.หนองกุง อ.ตาลสุม จ.อุบลราชธานี ๓๔๓๓๐ | O48: =YEAR(TODAY())+543 - L48 -> 42 | P48: =VLOOKUP(T48,mapping!C:D,2,0) -> Y | Q48: =IFERROR("อ."&_xlfn.TEXTBEFORE(_xlfn.TEXTAFTER(N48,"อ.")," "),"") -> อ.ตาลสุม | R48: =IFERROR("จ."&_xlfn.TEXTBEFORE(_xlfn.TEXTAFTER(N48,"จ.")," "),"") -> จ.อุบลราชธานี | S48: =IF(LEFT(C48,4)="สาขา","B", IF(LEFT(C48,4)="สำรอ","R", IF(LEFT(C48,4)="สำรว","S",0))) -> B | T48: =S48&F48 -> B193
A49: =+A48+1 -> 47 | C49: สาขาที่ ๐๓๘ | D49: วัดป่าจันทราวาส ๑๕๕ หมู่ที่๖ บ้านเอ้ ต.ก่อเอ้ อ.เขื่องใน จ.อุบลราชธานี ๓๔๓๒๐ พระครูปิยจันทคุณ (ชาลี ปิยธมฺโม) อุปสมบท เมื่ออายุ ๒๑ ปี วันที่ ๑๕ มิถุนายน ๒๕๒๘ (ผู้รับรอง) ๐๘๗๘๗๒ ๓๓๘๘, | E49: =_xlfn.LET(_xlpm.x,C49, SUBSTITUTE(SUBSTITUTE(SUBSTITUTE(SUBSTITUTE(SUBSTITUTE( SUBSTITUTE(SUBSTITUTE(SUBSTITUTE(SUBSTITUTE(SUBSTITUTE( _xlpm.x,"๐","0"),"๑","1"),"๒","2"),"๓","3"),"๔","4"), "๕","5"),"๖","6"),"๗","7"),"๘","8"),"๙","9")) -> สาขาที่ 038 | F49: 38 | G49: =_xlfn.TEXTBEFORE(D49,CHAR(10)) -> วัดป่าจันทราวาส | H49: =TRIM(_xlfn.TEXTBEFORE(MID(D49,SEARCH("พระ",D49),100),CHAR(10))) -> พระครูปิยจันทคุณ (ชาลี ปิยธมฺโม) | I49: =VALUE(SUBSTITUTE(SUBSTITUTE(SUBSTITUTE(SUBSTITUTE(SUBSTITUTE(SUBSTITUTE(SUBSTITUTE(SUBSTITUTE(SUBSTITUTE(SUBSTITUTE(_xlfn.TEXTBEFORE(_xlfn.TEXTAFTER(D49,"เมื่ออายุ "), " ปี"),"๐","0"),"๑","1"),"๒","2"),"๓","3"),"๔","4"),"๕","5"),"๖","6"),"๗","7"),"๘","8"),"๙","9")) -> 21 | J49: =VALUE(SUBSTITUTE(SUBSTITUTE(SUBSTITUTE(SUBSTITUTE(SUBSTITUTE(SUBSTITUTE(SUBSTITUTE(SUBSTITUTE(SUBSTITUTE(SUBSTITUTE(_xlfn.TEXTBEFORE(_xlfn.TEXTAFTER(D49,"วันที่ "), " "),"๐","0"),"๑","1"),"๒","2"),"๓","3"),"๔","4"),"๕","5"),"๖","6"),"๗","7"),"๘","8"),"๙","9")) -> 15 | K49: =_xlfn.TEXTBEFORE(_xlfn.TEXTAFTER(D49,"วันที่ "&_xlfn.TEXTBEFORE(_xlfn.TEXTAFTER(D49,"วันที่ "), " ")&" "), " ") -> มิถุนายน | L49: =VALUE(SUBSTITUTE(SUBSTITUTE(SUBSTITUTE(SUBSTITUTE(SUBSTITUTE(SUBSTITUTE(SUBSTITUTE(SUBSTITUTE(SUBSTITUTE(SUBSTITUTE(_xlfn.TEXTBEFORE(_xlfn.TEXTAFTER(_xlfn.TEXTAFTER(D49,"วันที่ ")," "&_xlfn.TEXTBEFORE(_xlfn.TEXTAFTER(D49,"วันที่ "&_xlfn.TEXTBEFORE(_xlfn.TEXTAFTER(D49,"วันที่ "), " ")&" "), " ")&" "), " "),"๐","0"),"๑","1"),"๒","2"),"๓","3"),"๔","4"),"๕","5"),"๖","6"),"๗","7"),"๘","8"),"๙","9")) -> 2528 | M49: =SUBSTITUTE( _xlfn.TEXTBEFORE( SUBSTITUTE(SUBSTITUTE(SUBSTITUTE(SUBSTITUTE(SUBSTITUTE( SUBSTITUTE(SUBSTITUTE(SUBSTITUTE(SUBSTITUTE(SUBSTITUTE( _xlfn.TEXTAFTER(D49,CHAR(10),-1), "๐","0"),"๑","1"),"๒","2"),"๓","3"),"๔","4"), "๕","5"),"๖","6"),"๗","7"),"๘","8"),"๙","9"),",",-1)," ","") -> 0878723388 | N49: =_xlfn.TEXTBEFORE(_xlfn.TEXTAFTER(D49,CHAR(10)),CHAR(10)&"พระ") -> ๑๕๕ หมู่ที่๖ บ้านเอ้ ต.ก่อเอ้ อ.เขื่องใน จ.อุบลราชธานี ๓๔๓๒๐ | O49: =YEAR(TODAY())+543 - L49 -> 41 | P49: =VLOOKUP(T49,mapping!C:D,2,0) -> Y | Q49: =IFERROR("อ."&_xlfn.TEXTBEFORE(_xlfn.TEXTAFTER(N49,"อ.")," "),"") -> อ.เขื่องใน | R49: =IFERROR("จ."&_xlfn.TEXTBEFORE(_xlfn.TEXTAFTER(N49,"จ.")," "),"") -> จ.อุบลราชธานี | S49: =IF(LEFT(C49,4)="สาขา","B", IF(LEFT(C49,4)="สำรอ","R", IF(LEFT(C49,4)="สำรว","S",0))) -> B | T49: =S49&F49 -> B38
A50: =+A49+1 -> 48 | C50: สาขาที่ ๑๕๔ | D50: วัดป่าโพธิญาณรังสี ๓๙ ม.๓ บ้านคลองตะเคียน ต.คลองพลู อ.หนองใหญ่ จ.ชลบุรี ๒๐๑๙๐ พระอธิการสุนัย สุธมฺโม อุปสมบท เมื่ออายุ ๒๑ ปี วันที่ ๒๕ กรกฎาคม ๒๕๒๘ (ผู้รับรอง) - (๐๙๓) ๔๕๓-๕๔๕๕, | E50: =_xlfn.LET(_xlpm.x,C50, SUBSTITUTE(SUBSTITUTE(SUBSTITUTE(SUBSTITUTE(SUBSTITUTE( SUBSTITUTE(SUBSTITUTE(SUBSTITUTE(SUBSTITUTE(SUBSTITUTE( _xlpm.x,"๐","0"),"๑","1"),"๒","2"),"๓","3"),"๔","4"), "๕","5"),"๖","6"),"๗","7"),"๘","8"),"๙","9")) -> สาขาที่ 154 | F50: 154 | G50: =_xlfn.TEXTBEFORE(D50,CHAR(10)) -> วัดป่าโพธิญาณรังสี | H50: =TRIM(_xlfn.TEXTBEFORE(MID(D50,SEARCH("พระ",D50),100),CHAR(10))) -> พระอธิการสุนัย สุธมฺโม | I50: =VALUE(SUBSTITUTE(SUBSTITUTE(SUBSTITUTE(SUBSTITUTE(SUBSTITUTE(SUBSTITUTE(SUBSTITUTE(SUBSTITUTE(SUBSTITUTE(SUBSTITUTE(_xlfn.TEXTBEFORE(_xlfn.TEXTAFTER(D50,"เมื่ออายุ "), " ปี"),"๐","0"),"๑","1"),"๒","2"),"๓","3"),"๔","4"),"๕","5"),"๖","6"),"๗","7"),"๘","8"),"๙","9")) -> 21 | J50: =VALUE(SUBSTITUTE(SUBSTITUTE(SUBSTITUTE(SUBSTITUTE(SUBSTITUTE(SUBSTITUTE(SUBSTITUTE(SUBSTITUTE(SUBSTITUTE(SUBSTITUTE(_xlfn.TEXTBEFORE(_xlfn.TEXTAFTER(D50,"วันที่ "), " "),"๐","0"),"๑","1"),"๒","2"),"๓","3"),"๔","4"),"๕","5"),"๖","6"),"๗","7"),"๘","8"),"๙","9")) -> 25 | K50: =_xlfn.TEXTBEFORE(_xlfn.TEXTAFTER(D50,"วันที่ "&_xlfn.TEXTBEFORE(_xlfn.TEXTAFTER(D50,"วันที่ "), " ")&" "), " ") -> กรกฎาคม | L50: =VALUE(SUBSTITUTE(SUBSTITUTE(SUBSTITUTE(SUBSTITUTE(SUBSTITUTE(SUBSTITUTE(SUBSTITUTE(SUBSTITUTE(SUBSTITUTE(SUBSTITUTE(_xlfn.TEXTBEFORE(_xlfn.TEXTAFTER(_xlfn.TEXTAFTER(D50,"วันที่ ")," "&_xlfn.TEXTBEFORE(_xlfn.TEXTAFTER(D50,"วันที่ "&_xlfn.TEXTBEFORE(_xlfn.TEXTAFTER(D50,"วันที่ "), " ")&" "), " ")&" "), " "),"๐","0"),"๑","1"),"๒","2"),"๓","3"),"๔","4"),"๕","5"),"๖","6"),"๗","7"),"๘","8"),"๙","9")) -> 2528 | M50: =SUBSTITUTE(SUBSTITUTE(SUBSTITUTE(SUBSTITUTE(_xlfn.TEXTBEFORE(SUBSTITUTE(SUBSTITUTE(SUBSTITUTE(SUBSTITUTE(SUBSTITUTE(SUBSTITUTE(SUBSTITUTE(SUBSTITUTE(SUBSTITUTE(SUBSTITUTE(_xlfn.TEXTAFTER(D50,"- "),"๐","0"),"๑","1"),"๒","2"),"๓","3"),"๔","4"),"๕","5"),"๖","6"),"๗","7"),"๘","8"),"๙","9"),","),"(",""),")",""),"-","")," ","") -> 0934535455 | N50: =_xlfn.TEXTBEFORE(_xlfn.TEXTAFTER(D50,CHAR(10)),CHAR(10)&"พระ") -> ๓๙ ม.๓ บ้านคลองตะเคียน ต.คลองพลู อ.หนองใหญ่ จ.ชลบุรี ๒๐๑๙๐ | O50: =YEAR(TODAY())+543 - L50 -> 41 | P50: =VLOOKUP(T50,mapping!C:D,2,0) -> Y | Q50: =IFERROR("อ."&_xlfn.TEXTBEFORE(_xlfn.TEXTAFTER(N50,"อ.")," "),"") -> อ.หนองใหญ่ | R50: =IFERROR("จ."&_xlfn.TEXTBEFORE(_xlfn.TEXTAFTER(N50,"จ.")," "),"") -> จ.ชลบุรี | S50: =IF(LEFT(C50,4)="สาขา","B", IF(LEFT(C50,4)="สำรอ","R", IF(LEFT(C50,4)="สำรว","S",0))) -> B | T50: =S50&F50 -> B154
A51: =+A50+1 -> 49 | C51: สาขาที่ ๑๖๔ | D51: วัดเขาแผงม้า ๑๕๒ ม.๑๘ บ้านเขาแผงม้า ต.วังน้ำเขียว อ.วังน้ำเขียว จ.นครราชสีมา ๓๐๓๗๐ พระอธิการกนก สุรปญฺโญ อุปสมบท เมื่ออายุ ๒๘ ปี วันที่ ๒๑ กรกฎาคม ๒๕๒๘ (ผู้รับรอง) - (๐๘๑) ๙๗๖-๕๔๐๑,- (๐๘๗) ๑๔๕-๘๙๑๔, | E51: =_xlfn.LET(_xlpm.x,C51, SUBSTITUTE(SUBSTITUTE(SUBSTITUTE(SUBSTITUTE(SUBSTITUTE( SUBSTITUTE(SUBSTITUTE(SUBSTITUTE(SUBSTITUTE(SUBSTITUTE( _xlpm.x,"๐","0"),"๑","1"),"๒","2"),"๓","3"),"๔","4"), "๕","5"),"๖","6"),"๗","7"),"๘","8"),"๙","9")) -> สาขาที่ 164 | F51: 164 | G51: =_xlfn.TEXTBEFORE(D51,CHAR(10)) -> วัดเขาแผงม้า | H51: =TRIM(_xlfn.TEXTBEFORE(MID(D51,SEARCH("พระ",D51),100),CHAR(10))) -> พระอธิการกนก สุรปญฺโญ | I51: =VALUE(SUBSTITUTE(SUBSTITUTE(SUBSTITUTE(SUBSTITUTE(SUBSTITUTE(SUBSTITUTE(SUBSTITUTE(SUBSTITUTE(SUBSTITUTE(SUBSTITUTE(_xlfn.TEXTBEFORE(_xlfn.TEXTAFTER(D51,"เมื่ออายุ "), " ปี"),"๐","0"),"๑","1"),"๒","2"),"๓","3"),"๔","4"),"๕","5"),"๖","6"),"๗","7"),"๘","8"),"๙","9")) -> 28 | J51: =VALUE(SUBSTITUTE(SUBSTITUTE(SUBSTITUTE(SUBSTITUTE(SUBSTITUTE(SUBSTITUTE(SUBSTITUTE(SUBSTITUTE(SUBSTITUTE(SUBSTITUTE(_xlfn.TEXTBEFORE(_xlfn.TEXTAFTER(D51,"วันที่ "), " "),"๐","0"),"๑","1"),"๒","2"),"๓","3"),"๔","4"),"๕","5"),"๖","6"),"๗","7"),"๘","8"),"๙","9")) -> 21 | K51: =_xlfn.TEXTBEFORE(_xlfn.TEXTAFTER(D51,"วันที่ "&_xlfn.TEXTBEFORE(_xlfn.TEXTAFTER(D51,"วันที่ "), " ")&" "), " ") -> กรกฎาคม | L51: =VALUE(SUBSTITUTE(SUBSTITUTE(SUBSTITUTE(SUBSTITUTE(SUBSTITUTE(SUBSTITUTE(SUBSTITUTE(SUBSTITUTE(SUBSTITUTE(SUBSTITUTE(_xlfn.TEXTBEFORE(_xlfn.TEXTAFTER(_xlfn.TEXTAFTER(D51,"วันที่ ")," "&_xlfn.TEXTBEFORE(_xlfn.TEXTAFTER(D51,"วันที่ "&_xlfn.TEXTBEFORE(_xlfn.TEXTAFTER(D51,"วันที่ "), " ")&" "), " ")&" "), " "),"๐","0"),"๑","1"),"๒","2"),"๓","3"),"๔","4"),"๕","5"),"๖","6"),"๗","7"),"๘","8"),"๙","9")) -> 2528 | M51: =SUBSTITUTE(SUBSTITUTE(SUBSTITUTE(SUBSTITUTE(_xlfn.TEXTBEFORE(SUBSTITUTE(SUBSTITUTE(SUBSTITUTE(SUBSTITUTE(SUBSTITUTE(SUBSTITUTE(SUBSTITUTE(SUBSTITUTE(SUBSTITUTE(SUBSTITUTE(_xlfn.TEXTAFTER(D51,"- "),"๐","0"),"๑","1"),"๒","2"),"๓","3"),"๔","4"),"๕","5"),"๖","6"),"๗","7"),"๘","8"),"๙","9"),","),"(",""),")",""),"-","")," ","") -> 0819765401 | N51: =_xlfn.TEXTBEFORE(_xlfn.TEXTAFTER(D51,CHAR(10)),CHAR(10)&"พระ") -> ๑๕๒ ม.๑๘ บ้านเขาแผงม้า ต.วังน้ำเขียว อ.วังน้ำเขียว จ.นครราชสีมา ๓๐๓๗๐ | O51: =YEAR(TODAY())+543 - L51 -> 41 | P51: =VLOOKUP(T51,mapping!C:D,2,0) -> Y | Q51: =IFERROR("อ."&_xlfn.TEXTBEFORE(_xlfn.TEXTAFTER(N51,"อ.")," "),"") -> อ.วังน้ำเขียว | R51: =IFERROR("จ."&_xlfn.TEXTBEFORE(_xlfn.TEXTAFTER(N51,"จ.")," "),"") -> จ.นครราชสีมา | S51: =IF(LEFT(C51,4)="สาขา","B", IF(LEFT(C51,4)="สำรอ","R", IF(LEFT(C51,4)="สำรว","S",0))) -> B | T51: =S51&F51 -> B164
A52: =+A51+1 -> 50 | C52: สาขาที่ ๓๒๙ | D52: ที่พักสงฆ์ป่าพงเลิศ ๑๒๖ หมู่ที่ ๑ บ้านป่าในฝัน ต.โป่งน้ำร้อน อ.โป่งน้ำร้อน จ.จันทบุรี ๒๒๑๔๐ พระอาจาร์ยสมนึก สารถฺถิโก อุปสมบท เมื่ออายุ ๒๐ ปี วันที่ ๒๘ พฤษภาคม ๒๕๒๘ (ผู้รับรอง) - (๐๘๖) ๐๕๙-๕๖๕๖, | E52: =_xlfn.LET(_xlpm.x,C52, SUBSTITUTE(SUBSTITUTE(SUBSTITUTE(SUBSTITUTE(SUBSTITUTE( SUBSTITUTE(SUBSTITUTE(SUBSTITUTE(SUBSTITUTE(SUBSTITUTE( _xlpm.x,"๐","0"),"๑","1"),"๒","2"),"๓","3"),"๔","4"), "๕","5"),"๖","6"),"๗","7"),"๘","8"),"๙","9")) -> สาขาที่ 329 | F52: 329 | G52: =_xlfn.TEXTBEFORE(D52,CHAR(10)) -> ที่พักสงฆ์ป่าพงเลิศ | H52: =TRIM(_xlfn.TEXTBEFORE(MID(D52,SEARCH("พระ",D52),100),CHAR(10))) -> พระอาจาร์ยสมนึก สารถฺถิโก | I52: =VALUE(SUBSTITUTE(SUBSTITUTE(SUBSTITUTE(SUBSTITUTE(SUBSTITUTE(SUBSTITUTE(SUBSTITUTE(SUBSTITUTE(SUBSTITUTE(SUBSTITUTE(_xlfn.TEXTBEFORE(_xlfn.TEXTAFTER(D52,"เมื่ออายุ "), " ปี"),"๐","0"),"๑","1"),"๒","2"),"๓","3"),"๔","4"),"๕","5"),"๖","6"),"๗","7"),"๘","8"),"๙","9")) -> 20 | J52: =VALUE(SUBSTITUTE(SUBSTITUTE(SUBSTITUTE(SUBSTITUTE(SUBSTITUTE(SUBSTITUTE(SUBSTITUTE(SUBSTITUTE(SUBSTITUTE(SUBSTITUTE(_xlfn.TEXTBEFORE(_xlfn.TEXTAFTER(D52,"วันที่ "), " "),"๐","0"),"๑","1"),"๒","2"),"๓","3"),"๔","4"),"๕","5"),"๖","6"),"๗","7"),"๘","8"),"๙","9")) -> 28 | K52: =_xlfn.TEXTBEFORE(_xlfn.TEXTAFTER(D52,"วันที่ "&_xlfn.TEXTBEFORE(_xlfn.TEXTAFTER(D52,"วันที่ "), " ")&" "), " ") -> พฤษภาคม | L52: =VALUE(SUBSTITUTE(SUBSTITUTE(SUBSTITUTE(SUBSTITUTE(SUBSTITUTE(SUBSTITUTE(SUBSTITUTE(SUBSTITUTE(SUBSTITUTE(SUBSTITUTE(_xlfn.TEXTBEFORE(_xlfn.TEXTAFTER(_xlfn.TEXTAFTER(D52,"วันที่ ")," "&_xlfn.TEXTBEFORE(_xlfn.TEXTAFTER(D52,"วันที่ "&_xlfn.TEXTBEFORE(_xlfn.TEXTAFTER(D52,"วันที่ "), " ")&" "), " ")&" "), " "),"๐","0"),"๑","1"),"๒","2"),"๓","3"),"๔","4"),"๕","5"),"๖","6"),"๗","7"),"๘","8"),"๙","9")) -> 2528 | M52: =SUBSTITUTE(SUBSTITUTE(SUBSTITUTE(SUBSTITUTE(_xlfn.TEXTBEFORE(SUBSTITUTE(SUBSTITUTE(SUBSTITUTE(SUBSTITUTE(SUBSTITUTE(SUBSTITUTE(SUBSTITUTE(SUBSTITUTE(SUBSTITUTE(SUBSTITUTE(_xlfn.TEXTAFTER(D52,"- "),"๐","0"),"๑","1"),"๒","2"),"๓","3"),"๔","4"),"๕","5"),"๖","6"),"๗","7"),"๘","8"),"๙","9"),","),"(",""),")",""),"-","")," ","") -> 0860595656 | N52: =_xlfn.TEXTBEFORE(_xlfn.TEXTAFTER(D52,CHAR(10)),CHAR(10)&"พระ") -> ๑๒๖ หมู่ที่ ๑ บ้านป่าในฝัน ต.โป่งน้ำร้อน อ.โป่งน้ำร้อน จ.จันทบุรี ๒๒๑๔๐ | O52: =YEAR(TODAY())+543 - L52 -> 41 | P52: =VLOOKUP(T52,mapping!C:D,2,0) -> Y | Q52: =IFERROR("อ."&_xlfn.TEXTBEFORE(_xlfn.TEXTAFTER(N52,"อ.")," "),"") -> อ.โป่งน้ำร้อน | R52: =IFERROR("จ."&_xlfn.TEXTBEFORE(_xlfn.TEXTAFTER(N52,"จ.")," "),"") -> จ.จันทบุรี | S52: =IF(LEFT(C52,4)="สาขา","B", IF(LEFT(C52,4)="สำรอ","R", IF(LEFT(C52,4)="สำรว","S",0))) -> B | T52: =S52&F52 -> B329
A53: =+A52+1 -> 51 | C53: สาขาที่ ๐๙๙ | D53: วัดป่าคอวัง ๘๒ ม.๙ บ้านคอวัง ต.ดู่ใต้ อ.เมืองน่าน จ.น่าน ๕๕๐๐๐ พระครูสุนทรวรนาถ (นเรศ สุรนาโถ) อุปสมบท เมื่ออายุ ๒๐ ปี วันที่ ๒๒ มิถุนายน ๒๕๒๙ (ผู้รับรอง) - (๐๘๘) ๒๕๕-๒๓๙๙,๐๕๔๐๕๙๖๔๕, | E53: =_xlfn.LET(_xlpm.x,C53, SUBSTITUTE(SUBSTITUTE(SUBSTITUTE(SUBSTITUTE(SUBSTITUTE( SUBSTITUTE(SUBSTITUTE(SUBSTITUTE(SUBSTITUTE(SUBSTITUTE( _xlpm.x,"๐","0"),"๑","1"),"๒","2"),"๓","3"),"๔","4"), "๕","5"),"๖","6"),"๗","7"),"๘","8"),"๙","9")) -> สาขาที่ 099 | F53: 99 | G53: =_xlfn.TEXTBEFORE(D53,CHAR(10)) -> วัดป่าคอวัง | H53: =TRIM(_xlfn.TEXTBEFORE(MID(D53,SEARCH("พระ",D53),100),CHAR(10))) -> พระครูสุนทรวรนาถ (นเรศ สุรนาโถ) | I53: =VALUE(SUBSTITUTE(SUBSTITUTE(SUBSTITUTE(SUBSTITUTE(SUBSTITUTE(SUBSTITUTE(SUBSTITUTE(SUBSTITUTE(SUBSTITUTE(SUBSTITUTE(_xlfn.TEXTBEFORE(_xlfn.TEXTAFTER(D53,"เมื่ออายุ "), " ปี"),"๐","0"),"๑","1"),"๒","2"),"๓","3"),"๔","4"),"๕","5"),"๖","6"),"๗","7"),"๘","8"),"๙","9")) -> 20 | J53: =VALUE(SUBSTITUTE(SUBSTITUTE(SUBSTITUTE(SUBSTITUTE(SUBSTITUTE(SUBSTITUTE(SUBSTITUTE(SUBSTITUTE(SUBSTITUTE(SUBSTITUTE(_xlfn.TEXTBEFORE(_xlfn.TEXTAFTER(D53,"วันที่ "), " "),"๐","0"),"๑","1"),"๒","2"),"๓","3"),"๔","4"),"๕","5"),"๖","6"),"๗","7"),"๘","8"),"๙","9")) -> 22 | K53: =_xlfn.TEXTBEFORE(_xlfn.TEXTAFTER(D53,"วันที่ "&_xlfn.TEXTBEFORE(_xlfn.TEXTAFTER(D53,"วันที่ "), " ")&" "), " ") -> มิถุนายน | L53: =VALUE(SUBSTITUTE(SUBSTITUTE(SUBSTITUTE(SUBSTITUTE(SUBSTITUTE(SUBSTITUTE(SUBSTITUTE(SUBSTITUTE(SUBSTITUTE(SUBSTITUTE(_xlfn.TEXTBEFORE(_xlfn.TEXTAFTER(_xlfn.TEXTAFTER(D53,"วันที่ ")," "&_xlfn.TEXTBEFORE(_xlfn.TEXTAFTER(D53,"วันที่ "&_xlfn.TEXTBEFORE(_xlfn.TEXTAFTER(D53,"วันที่ "), " ")&" "), " ")&" "), " "),"๐","0"),"๑","1"),"๒","2"),"๓","3"),"๔","4"),"๕","5"),"๖","6"),"๗","7"),"๘","8"),"๙","9")) -> 2529 | M53: =SUBSTITUTE(SUBSTITUTE(SUBSTITUTE(SUBSTITUTE(_xlfn.TEXTBEFORE(SUBSTITUTE(SUBSTITUTE(SUBSTITUTE(SUBSTITUTE(SUBSTITUTE(SUBSTITUTE(SUBSTITUTE(SUBSTITUTE(SUBSTITUTE(SUBSTITUTE(_xlfn.TEXTAFTER(D53,"- "),"๐","0"),"๑","1"),"๒","2"),"๓","3"),"๔","4"),"๕","5"),"๖","6"),"๗","7"),"๘","8"),"๙","9"),","),"(",""),")",""),"-","")," ","") -> 0882552399 | N53: =_xlfn.TEXTBEFORE(_xlfn.TEXTAFTER(D53,CHAR(10)),CHAR(10)&"พระ") -> ๘๒ ม.๙ บ้านคอวัง ต.ดู่ใต้ อ.เมืองน่าน จ.น่าน ๕๕๐๐๐ | O53: =YEAR(TODAY())+543 - L53 -> 40 | P53: =VLOOKUP(T53,mapping!C:D,2,0) -> Y | Q53: =IFERROR("อ."&_xlfn.TEXTBEFORE(_xlfn.TEXTAFTER(N53,"อ.")," "),"") -> อ.เมืองน่าน | R53: =IFERROR("จ."&_xlfn.TEXTBEFORE(_xlfn.TEXTAFTER(N53,"จ.")," "),"") -> จ.น่าน | S53: =IF(LEFT(C53,4)="สาขา","B", IF(LEFT(C53,4)="สำรอ","R", IF(LEFT(C53,4)="สำรว","S",0))) -> B | T53: =S53&F53 -> B99
A54: =+A53+1 -> 52 | C54: สาขาที่ ๑๓๑ | D54: วัดป่าหนองแฮด บ้านหนองแฮด ต.หนองค้า อ.พยุห์ จ.ศรีสะเกษ ๓๓๒๓๐ พระอธิการบุญหนา เตชปญฺโญ อุปสมบท เมื่ออายุ ๒๕ ปี วันที่ ๑๒ กรกฎาคม ๒๕๒๙ (ผู้รับรอง) - (๐๘๙) ๘๒๐-๖๑๑๒, | E54: =_xlfn.LET(_xlpm.x,C54, SUBSTITUTE(SUBSTITUTE(SUBSTITUTE(SUBSTITUTE(SUBSTITUTE( SUBSTITUTE(SUBSTITUTE(SUBSTITUTE(SUBSTITUTE(SUBSTITUTE( _xlpm.x,"๐","0"),"๑","1"),"๒","2"),"๓","3"),"๔","4"), "๕","5"),"๖","6"),"๗","7"),"๘","8"),"๙","9")) -> สาขาที่ 131 | F54: 131 | G54: =_xlfn.TEXTBEFORE(D54,CHAR(10)) -> วัดป่าหนองแฮด | H54: =TRIM(_xlfn.TEXTBEFORE(MID(D54,SEARCH("พระ",D54),100),CHAR(10))) -> พระอธิการบุญหนา เตชปญฺโญ | I54: =VALUE(SUBSTITUTE(SUBSTITUTE(SUBSTITUTE(SUBSTITUTE(SUBSTITUTE(SUBSTITUTE(SUBSTITUTE(SUBSTITUTE(SUBSTITUTE(SUBSTITUTE(_xlfn.TEXTBEFORE(_xlfn.TEXTAFTER(D54,"เมื่ออายุ "), " ปี"),"๐","0"),"๑","1"),"๒","2"),"๓","3"),"๔","4"),"๕","5"),"๖","6"),"๗","7"),"๘","8"),"๙","9")) -> 25 | J54: =VALUE(SUBSTITUTE(SUBSTITUTE(SUBSTITUTE(SUBSTITUTE(SUBSTITUTE(SUBSTITUTE(SUBSTITUTE(SUBSTITUTE(SUBSTITUTE(SUBSTITUTE(_xlfn.TEXTBEFORE(_xlfn.TEXTAFTER(D54,"วันที่ "), " "),"๐","0"),"๑","1"),"๒","2"),"๓","3"),"๔","4"),"๕","5"),"๖","6"),"๗","7"),"๘","8"),"๙","9")) -> 12 | K54: =_xlfn.TEXTBEFORE(_xlfn.TEXTAFTER(D54,"วันที่ "&_xlfn.TEXTBEFORE(_xlfn.TEXTAFTER(D54,"วันที่ "), " ")&" "), " ") -> กรกฎาคม | L54: =VALUE(SUBSTITUTE(SUBSTITUTE(SUBSTITUTE(SUBSTITUTE(SUBSTITUTE(SUBSTITUTE(SUBSTITUTE(SUBSTITUTE(SUBSTITUTE(SUBSTITUTE(_xlfn.TEXTBEFORE(_xlfn.TEXTAFTER(_xlfn.TEXTAFTER(D54,"วันที่ ")," "&_xlfn.TEXTBEFORE(_xlfn.TEXTAFTER(D54,"วันที่ "&_xlfn.TEXTBEFORE(_xlfn.TEXTAFTER(D54,"วันที่ "), " ")&" "), " ")&" "), " "),"๐","0"),"๑","1"),"๒","2"),"๓","3"),"๔","4"),"๕","5"),"๖","6"),"๗","7"),"๘","8"),"๙","9")) -> 2529 | M54: =SUBSTITUTE(SUBSTITUTE(SUBSTITUTE(SUBSTITUTE(_xlfn.TEXTBEFORE(SUBSTITUTE(SUBSTITUTE(SUBSTITUTE(SUBSTITUTE(SUBSTITUTE(SUBSTITUTE(SUBSTITUTE(SUBSTITUTE(SUBSTITUTE(SUBSTITUTE(_xlfn.TEXTAFTER(D54,"- "),"๐","0"),"๑","1"),"๒","2"),"๓","3"),"๔","4"),"๕","5"),"๖","6"),"๗","7"),"๘","8"),"๙","9"),","),"(",""),")",""),"-","")," ","") -> 0898206112 | N54: =_xlfn.TEXTBEFORE(_xlfn.TEXTAFTER(D54,CHAR(10)),CHAR(10)&"พระ") -> บ้านหนองแฮด ต.หนองค้า อ.พยุห์ จ.ศรีสะเกษ ๓๓๒๓๐ | O54: =YEAR(TODAY())+543 - L54 -> 40 | P54: =VLOOKUP(T54,mapping!C:D,2,0) -> Y | Q54: =IFERROR("อ."&_xlfn.TEXTBEFORE(_xlfn.TEXTAFTER(N54,"อ.")," "),"") -> อ.พยุห์ | R54: =IFERROR("จ."&_xlfn.TEXTBEFORE(_xlfn.TEXTAFTER(N54,"จ.")," "),"") -> จ.ศรีสะเกษ | S54: =IF(LEFT(C54,4)="สาขา","B", IF(LEFT(C54,4)="สำรอ","R", IF(LEFT(C54,4)="สำรว","S",0))) -> B | T54: =S54&F54 -> B131
A55: =+A54+1 -> 53 | C55: สาขาที่ ๑๕๘ | D55: ที่พักสงฆ์ป่าศรัทธาธรรม ม.๑ บ้านสนิท ต.หนองสนิท อ.จอมพระ จ.สุรินทร์ ๓๒๑๘๐ พระอาจารย์นิเทศ คมฺภีโร อุปสมบท เมื่ออายุ ๒๑ ปี วันที่ ๑๑ พฤษภาคม ๒๕๒๙ (ผู้รับรอง) - (๐๘๗) ๙๖๑-๗๖๙๙,- (๐๘๔) ๕๕๙-๑๓๖๘, | E55: =_xlfn.LET(_xlpm.x,C55, SUBSTITUTE(SUBSTITUTE(SUBSTITUTE(SUBSTITUTE(SUBSTITUTE( SUBSTITUTE(SUBSTITUTE(SUBSTITUTE(SUBSTITUTE(SUBSTITUTE( _xlpm.x,"๐","0"),"๑","1"),"๒","2"),"๓","3"),"๔","4"), "๕","5"),"๖","6"),"๗","7"),"๘","8"),"๙","9")) -> สาขาที่ 158 | F55: 158 | G55: =_xlfn.TEXTBEFORE(D55,CHAR(10)) -> ที่พักสงฆ์ป่าศรัทธาธรรม | H55: =TRIM(_xlfn.TEXTBEFORE(MID(D55,SEARCH("พระอา",D55),100),CHAR(10))) -> พระอาจารย์นิเทศ คมฺภีโร | I55: =VALUE(SUBSTITUTE(SUBSTITUTE(SUBSTITUTE(SUBSTITUTE(SUBSTITUTE(SUBSTITUTE(SUBSTITUTE(SUBSTITUTE(SUBSTITUTE(SUBSTITUTE(_xlfn.TEXTBEFORE(_xlfn.TEXTAFTER(D55,"เมื่ออายุ "), " ปี"),"๐","0"),"๑","1"),"๒","2"),"๓","3"),"๔","4"),"๕","5"),"๖","6"),"๗","7"),"๘","8"),"๙","9")) -> 21 | J55: =VALUE(SUBSTITUTE(SUBSTITUTE(SUBSTITUTE(SUBSTITUTE(SUBSTITUTE(SUBSTITUTE(SUBSTITUTE(SUBSTITUTE(SUBSTITUTE(SUBSTITUTE(_xlfn.TEXTBEFORE(_xlfn.TEXTAFTER(D55,"วันที่ "), " "),"๐","0"),"๑","1"),"๒","2"),"๓","3"),"๔","4"),"๕","5"),"๖","6"),"๗","7"),"๘","8"),"๙","9")) -> 11 | K55: =_xlfn.TEXTBEFORE(_xlfn.TEXTAFTER(D55,"วันที่ "&_xlfn.TEXTBEFORE(_xlfn.TEXTAFTER(D55,"วันที่ "), " ")&" "), " ") -> พฤษภาคม | L55: =VALUE(SUBSTITUTE(SUBSTITUTE(SUBSTITUTE(SUBSTITUTE(SUBSTITUTE(SUBSTITUTE(SUBSTITUTE(SUBSTITUTE(SUBSTITUTE(SUBSTITUTE(_xlfn.TEXTBEFORE(_xlfn.TEXTAFTER(_xlfn.TEXTAFTER(D55,"วันที่ ")," "&_xlfn.TEXTBEFORE(_xlfn.TEXTAFTER(D55,"วันที่ "&_xlfn.TEXTBEFORE(_xlfn.TEXTAFTER(D55,"วันที่ "), " ")&" "), " ")&" "), " "),"๐","0"),"๑","1"),"๒","2"),"๓","3"),"๔","4"),"๕","5"),"๖","6"),"๗","7"),"๘","8"),"๙","9")) -> 2529 | M55: =SUBSTITUTE(SUBSTITUTE(SUBSTITUTE(SUBSTITUTE(_xlfn.TEXTBEFORE(SUBSTITUTE(SUBSTITUTE(SUBSTITUTE(SUBSTITUTE(SUBSTITUTE(SUBSTITUTE(SUBSTITUTE(SUBSTITUTE(SUBSTITUTE(SUBSTITUTE(_xlfn.TEXTAFTER(D55,"- "),"๐","0"),"๑","1"),"๒","2"),"๓","3"),"๔","4"),"๕","5"),"๖","6"),"๗","7"),"๘","8"),"๙","9"),","),"(",""),")",""),"-","")," ","") -> 0879617699 | N55: =_xlfn.TEXTBEFORE(_xlfn.TEXTAFTER(D55,CHAR(10)),CHAR(10)&"พระ") -> ม.๑ บ้านสนิท ต.หนองสนิท อ.จอมพระ จ.สุรินทร์ ๓๒๑๘๐ | O55: =YEAR(TODAY())+543 - L55 -> 40 | P55: =VLOOKUP(T55,mapping!C:D,2,0) -> Y | Q55: =IFERROR("อ."&_xlfn.TEXTBEFORE(_xlfn.TEXTAFTER(N55,"อ.")," "),"") -> อ.จอมพระ | R55: =IFERROR("จ."&_xlfn.TEXTBEFORE(_xlfn.TEXTAFTER(N55,"จ.")," "),"") -> จ.สุรินทร์ | S55: =IF(LEFT(C55,4)="สาขา","B", IF(LEFT(C55,4)="สำรอ","R", IF(LEFT(C55,4)="สำรว","S",0))) -> B | T55: =S55&F55 -> B158
A56: =+A55+1 -> 54 | B56: ไม่มีรูป | C56: สำรองที่ ๐๒๐ | D56: ที่พักสงฆ์พุทธคีรี บ้านห้วยไทร ต.ช่องไม้แก้ว อ.ทุ่งตะโก จ.ชุมพร ๘๖๐๐๐ พระอาจารย์นิกร กิตฺติวณฺโณ อุปสมบท เมื่ออายุ ๒๒ ปี วันที่ ๑๗ กรกฎาคม ๒๕๓๑ (ผู้รับรอง)พระอาจารย์สำราญ ธมฺมทีโป วัดเขาหลักสามัคคีธรรม - (๐๘๐) ๗๒๕-๐๕๒๘, | E56: =_xlfn.LET(_xlpm.x,C56, SUBSTITUTE(SUBSTITUTE(SUBSTITUTE(SUBSTITUTE(SUBSTITUTE( SUBSTITUTE(SUBSTITUTE(SUBSTITUTE(SUBSTITUTE(SUBSTITUTE( _xlpm.x,"๐","0"),"๑","1"),"๒","2"),"๓","3"),"๔","4"), "๕","5"),"๖","6"),"๗","7"),"๘","8"),"๙","9")) -> สำรองที่ 020 | F56: 20 | G56: =_xlfn.TEXTBEFORE(D56,CHAR(10)) -> ที่พักสงฆ์พุทธคีรี | H56: =TRIM(_xlfn.TEXTBEFORE(MID(D56,SEARCH("พระ",D56),100),CHAR(10))) -> พระอาจารย์นิกร กิตฺติวณฺโณ | I56: =VALUE(SUBSTITUTE(SUBSTITUTE(SUBSTITUTE(SUBSTITUTE(SUBSTITUTE(SUBSTITUTE(SUBSTITUTE(SUBSTITUTE(SUBSTITUTE(SUBSTITUTE(_xlfn.TEXTBEFORE(_xlfn.TEXTAFTER(D56,"เมื่ออายุ "), " ปี"),"๐","0"),"๑","1"),"๒","2"),"๓","3"),"๔","4"),"๕","5"),"๖","6"),"๗","7"),"๘","8"),"๙","9")) -> 22 | J56: =VALUE(SUBSTITUTE(SUBSTITUTE(SUBSTITUTE(SUBSTITUTE(SUBSTITUTE(SUBSTITUTE(SUBSTITUTE(SUBSTITUTE(SUBSTITUTE(SUBSTITUTE(_xlfn.TEXTBEFORE(_xlfn.TEXTAFTER(D56,"วันที่ "), " "),"๐","0"),"๑","1"),"๒","2"),"๓","3"),"๔","4"),"๕","5"),"๖","6"),"๗","7"),"๘","8"),"๙","9")) -> 17 | K56: =_xlfn.TEXTBEFORE(_xlfn.TEXTAFTER(D56,"วันที่ "&_xlfn.TEXTBEFORE(_xlfn.TEXTAFTER(D56,"วันที่ "), " ")&" "), " ") -> กรกฎาคม | L56: =VALUE(SUBSTITUTE(SUBSTITUTE(SUBSTITUTE(SUBSTITUTE(SUBSTITUTE(SUBSTITUTE(SUBSTITUTE(SUBSTITUTE(SUBSTITUTE(SUBSTITUTE(_xlfn.TEXTBEFORE(_xlfn.TEXTAFTER(_xlfn.TEXTAFTER(D56,"วันที่ ")," "&_xlfn.TEXTBEFORE(_xlfn.TEXTAFTER(D56,"วันที่ "&_xlfn.TEXTBEFORE(_xlfn.TEXTAFTER(D56,"วันที่ "), " ")&" "), " ")&" "), " "),"๐","0"),"๑","1"),"๒","2"),"๓","3"),"๔","4"),"๕","5"),"๖","6"),"๗","7"),"๘","8"),"๙","9")) -> 2531 | M56: =SUBSTITUTE(SUBSTITUTE(SUBSTITUTE(SUBSTITUTE(_xlfn.TEXTBEFORE(SUBSTITUTE(SUBSTITUTE(SUBSTITUTE(SUBSTITUTE(SUBSTITUTE(SUBSTITUTE(SUBSTITUTE(SUBSTITUTE(SUBSTITUTE(SUBSTITUTE(_xlfn.TEXTAFTER(D56,"- "),"๐","0"),"๑","1"),"๒","2"),"๓","3"),"๔","4"),"๕","5"),"๖","6"),"๗","7"),"๘","8"),"๙","9"),","),"(",""),")",""),"-","")," ","") -> 0807250528 | N56: =_xlfn.TEXTBEFORE(_xlfn.TEXTAFTER(D56,CHAR(10)),CHAR(10)&"พระ") -> บ้านห้วยไทร ต.ช่องไม้แก้ว อ.ทุ่งตะโก จ.ชุมพร ๘๖๐๐๐ | O56: =YEAR(TODAY())+543 - L56 -> 38 | P56: =VLOOKUP(T56,mapping!C:D,2,0) -> #N/A | Q56: =IFERROR("อ."&_xlfn.TEXTBEFORE(_xlfn.TEXTAFTER(N56,"อ.")," "),"") -> อ.ทุ่งตะโก | R56: =IFERROR("จ."&_xlfn.TEXTBEFORE(_xlfn.TEXTAFTER(N56,"จ.")," "),"") -> จ.ชุมพร | S56: =IF(LEFT(C56,4)="สาขา","B", IF(LEFT(C56,4)="สำรอ","R", IF(LEFT(C56,4)="สำรว","S",0))) -> R | T56: =S56&F56 -> R20
A57: =+A56+1 -> 55 | C57: สำรองที่ ๐๓๘ | D57: ที่พักสงฆ์ร่มเย็นโพธิญาณ หมู่ที่ ๑ บ้านน้ำพุ ต.พญาเย็น อ.ปากช่อง จ.นครราชสีมา ๓๐๓๒๐ พระอาจารย์บุดดา ปญฺญาวุโธ อุปสมบท เมื่ออายุ ๒๐ ปี วันที่ ๑๒ มิถุนายน ๒๕๓๑ (ผู้รับรอง)พระครูโอภาสวุฒิกร (โสภณ โอภาโส) วัดบึงลัฏฐิวัน - (๐๘๘) ๗๙๑-๙๓๕๖, | E57: =_xlfn.LET(_xlpm.x,C57, SUBSTITUTE(SUBSTITUTE(SUBSTITUTE(SUBSTITUTE(SUBSTITUTE( SUBSTITUTE(SUBSTITUTE(SUBSTITUTE(SUBSTITUTE(SUBSTITUTE( _xlpm.x,"๐","0"),"๑","1"),"๒","2"),"๓","3"),"๔","4"), "๕","5"),"๖","6"),"๗","7"),"๘","8"),"๙","9")) -> สำรองที่ 038 | F57: 38 | G57: =_xlfn.TEXTBEFORE(D57,CHAR(10)) -> ที่พักสงฆ์ร่มเย็นโพธิญาณ | H57: =TRIM(_xlfn.TEXTBEFORE(MID(D57,SEARCH("พระ",D57),100),CHAR(10))) -> พระอาจารย์บุดดา ปญฺญาวุโธ | I57: =VALUE(SUBSTITUTE(SUBSTITUTE(SUBSTITUTE(SUBSTITUTE(SUBSTITUTE(SUBSTITUTE(SUBSTITUTE(SUBSTITUTE(SUBSTITUTE(SUBSTITUTE(_xlfn.TEXTBEFORE(_xlfn.TEXTAFTER(D57,"เมื่ออายุ "), " ปี"),"๐","0"),"๑","1"),"๒","2"),"๓","3"),"๔","4"),"๕","5"),"๖","6"),"๗","7"),"๘","8"),"๙","9")) -> 20 | J57: =VALUE(SUBSTITUTE(SUBSTITUTE(SUBSTITUTE(SUBSTITUTE(SUBSTITUTE(SUBSTITUTE(SUBSTITUTE(SUBSTITUTE(SUBSTITUTE(SUBSTITUTE(_xlfn.TEXTBEFORE(_xlfn.TEXTAFTER(D57,"วันที่ "), " "),"๐","0"),"๑","1"),"๒","2"),"๓","3"),"๔","4"),"๕","5"),"๖","6"),"๗","7"),"๘","8"),"๙","9")) -> 12 | K57: =_xlfn.TEXTBEFORE(_xlfn.TEXTAFTER(D57,"วันที่ "&_xlfn.TEXTBEFORE(_xlfn.TEXTAFTER(D57,"วันที่ "), " ")&" "), " ") -> มิถุนายน | L57: =VALUE(SUBSTITUTE(SUBSTITUTE(SUBSTITUTE(SUBSTITUTE(SUBSTITUTE(SUBSTITUTE(SUBSTITUTE(SUBSTITUTE(SUBSTITUTE(SUBSTITUTE(_xlfn.TEXTBEFORE(_xlfn.TEXTAFTER(_xlfn.TEXTAFTER(D57,"วันที่ ")," "&_xlfn.TEXTBEFORE(_xlfn.TEXTAFTER(D57,"วันที่ "&_xlfn.TEXTBEFORE(_xlfn.TEXTAFTER(D57,"วันที่ "), " ")&" "), " ")&" "), " "),"๐","0"),"๑","1"),"๒","2"),"๓","3"),"๔","4"),"๕","5"),"๖","6"),"๗","7"),"๘","8"),"๙","9")) -> 2531 | M57: =SUBSTITUTE(SUBSTITUTE(SUBSTITUTE(SUBSTITUTE(_xlfn.TEXTBEFORE(SUBSTITUTE(SUBSTITUTE(SUBSTITUTE(SUBSTITUTE(SUBSTITUTE(SUBSTITUTE(SUBSTITUTE(SUBSTITUTE(SUBSTITUTE(SUBSTITUTE(_xlfn.TEXTAFTER(D57,"- "),"๐","0"),"๑","1"),"๒","2"),"๓","3"),"๔","4"),"๕","5"),"๖","6"),"๗","7"),"๘","8"),"๙","9"),","),"(",""),")",""),"-","")," ","") -> 0887919356 | N57: =_xlfn.TEXTBEFORE(_xlfn.TEXTAFTER(D57,CHAR(10)),CHAR(10)&"พระ") -> หมู่ที่ ๑ บ้านน้ำพุ ต.พญาเย็น อ.ปากช่อง จ.นครราชสีมา ๓๐๓๒๐ | O57: =YEAR(TODAY())+543 - L57 -> 38 | P57: =VLOOKUP(T57,mapping!C:D,2,0) -> Y | Q57: =IFERROR("อ."&_xlfn.TEXTBEFORE(_xlfn.TEXTAFTER(N57,"อ.")," "),"") -> อ.ปากช่อง | R57: =IFERROR("จ."&_xlfn.TEXTBEFORE(_xlfn.TEXTAFTER(N57,"จ.")," "),"") -> จ.นครราชสีมา | S57: =IF(LEFT(C57,4)="สาขา","B", IF(LEFT(C57,4)="สำรอ","R", IF(LEFT(C57,4)="สำรว","S",0))) -> R | T57: =S57&F57 -> R38
A58: =+A57+1 -> 56 | C58: สาขาที่ ๐๔๘ | D58: วัดป่าคำน้ำบุ้น ม.๑๔ บ้านสามขา ต.คำป่าหลาย อ.เมือง จ.มุกดาหาร ๔๙๐๐๐ พระอธิการขจรศักดิ์ สุทฺธปญฺโญ อุปสมบท เมื่ออายุ ๒๔ ปี วันที่ ๑ เมษายน ๒๕๓๒ (ผู้รับรอง) - (๐๖๑) ๑๔๙-๘๘๗๙, | E58: =_xlfn.LET(_xlpm.x,C58, SUBSTITUTE(SUBSTITUTE(SUBSTITUTE(SUBSTITUTE(SUBSTITUTE( SUBSTITUTE(SUBSTITUTE(SUBSTITUTE(SUBSTITUTE(SUBSTITUTE( _xlpm.x,"๐","0"),"๑","1"),"๒","2"),"๓","3"),"๔","4"), "๕","5"),"๖","6"),"๗","7"),"๘","8"),"๙","9")) -> สาขาที่ 048 | F58: 48 | G58: =_xlfn.TEXTBEFORE(D58,CHAR(10)) -> วัดป่าคำน้ำบุ้น | H58: =TRIM(_xlfn.TEXTBEFORE(MID(D58,SEARCH("พระ",D58),100),CHAR(10))) -> พระอธิการขจรศักดิ์ สุทฺธปญฺโญ | I58: =VALUE(SUBSTITUTE(SUBSTITUTE(SUBSTITUTE(SUBSTITUTE(SUBSTITUTE(SUBSTITUTE(SUBSTITUTE(SUBSTITUTE(SUBSTITUTE(SUBSTITUTE(_xlfn.TEXTBEFORE(_xlfn.TEXTAFTER(D58,"เมื่ออายุ "), " ปี"),"๐","0"),"๑","1"),"๒","2"),"๓","3"),"๔","4"),"๕","5"),"๖","6"),"๗","7"),"๘","8"),"๙","9")) -> 24 | J58: =VALUE(SUBSTITUTE(SUBSTITUTE(SUBSTITUTE(SUBSTITUTE(SUBSTITUTE(SUBSTITUTE(SUBSTITUTE(SUBSTITUTE(SUBSTITUTE(SUBSTITUTE(_xlfn.TEXTBEFORE(_xlfn.TEXTAFTER(D58,"วันที่ "), " "),"๐","0"),"๑","1"),"๒","2"),"๓","3"),"๔","4"),"๕","5"),"๖","6"),"๗","7"),"๘","8"),"๙","9")) -> 1 | K58: =_xlfn.TEXTBEFORE(_xlfn.TEXTAFTER(D58,"วันที่ "&_xlfn.TEXTBEFORE(_xlfn.TEXTAFTER(D58,"วันที่ "), " ")&" "), " ") -> เมษายน | L58: =VALUE(SUBSTITUTE(SUBSTITUTE(SUBSTITUTE(SUBSTITUTE(SUBSTITUTE(SUBSTITUTE(SUBSTITUTE(SUBSTITUTE(SUBSTITUTE(SUBSTITUTE(_xlfn.TEXTBEFORE(_xlfn.TEXTAFTER(_xlfn.TEXTAFTER(D58,"วันที่ ")," "&_xlfn.TEXTBEFORE(_xlfn.TEXTAFTER(D58,"วันที่ "&_xlfn.TEXTBEFORE(_xlfn.TEXTAFTER(D58,"วันที่ "), " ")&" "), " ")&" "), " "),"๐","0"),"๑","1"),"๒","2"),"๓","3"),"๔","4"),"๕","5"),"๖","6"),"๗","7"),"๘","8"),"๙","9")) -> 2532 | M58: =SUBSTITUTE(SUBSTITUTE(SUBSTITUTE(SUBSTITUTE(_xlfn.TEXTBEFORE(SUBSTITUTE(SUBSTITUTE(SUBSTITUTE(SUBSTITUTE(SUBSTITUTE(SUBSTITUTE(SUBSTITUTE(SUBSTITUTE(SUBSTITUTE(SUBSTITUTE(_xlfn.TEXTAFTER(D58,"- "),"๐","0"),"๑","1"),"๒","2"),"๓","3"),"๔","4"),"๕","5"),"๖","6"),"๗","7"),"๘","8"),"๙","9"),","),"(",""),")",""),"-","")," ","") -> 0611498879 | N58: =_xlfn.TEXTBEFORE(_xlfn.TEXTAFTER(D58,CHAR(10)),CHAR(10)&"พระ") -> ม.๑๔ บ้านสามขา ต.คำป่าหลาย อ.เมือง จ.มุกดาหาร ๔๙๐๐๐ | O58: =YEAR(TODAY())+543 - L58 -> 37 | P58: =VLOOKUP(T58,mapping!C:D,2,0) -> Y | Q58: =IFERROR("อ."&_xlfn.TEXTBEFORE(_xlfn.TEXTAFTER(N58,"อ.")," "),"") -> อ.เมือง | R58: =IFERROR("จ."&_xlfn.TEXTBEFORE(_xlfn.TEXTAFTER(N58,"จ.")," "),"") -> จ.มุกดาหาร | S58: =IF(LEFT(C58,4)="สาขา","B", IF(LEFT(C58,4)="สำรอ","R", IF(LEFT(C58,4)="สำรว","S",0))) -> B | T58: =S58&F58 -> B48
A59: =+A58+1 -> 57 | C59: สาขาที่ ๐๕๒ | D59: วัดป่าแสงธรรม ๒๗๙ ม.๗ บ้านหนองมะนาว ต.ขามใหญ่ อ.เมือง จ.อุบลราชธานี ๓๔๐๐๐ พระครูกิตติธรรมโชติ (ทม ธมฺมทีโป) อุปสมบท เมื่ออายุ ๒๐ ปี วันที่ ๑๘ พฤษภาคม ๒๕๓๒ (ผู้รับรอง) - (๐๖๓) ๕๙๑-๑๔๓๖, | E59: =_xlfn.LET(_xlpm.x,C59, SUBSTITUTE(SUBSTITUTE(SUBSTITUTE(SUBSTITUTE(SUBSTITUTE( SUBSTITUTE(SUBSTITUTE(SUBSTITUTE(SUBSTITUTE(SUBSTITUTE( _xlpm.x,"๐","0"),"๑","1"),"๒","2"),"๓","3"),"๔","4"), "๕","5"),"๖","6"),"๗","7"),"๘","8"),"๙","9")) -> สาขาที่ 052 | F59: 52 | G59: =_xlfn.TEXTBEFORE(D59,CHAR(10)) -> วัดป่าแสงธรรม | H59: =TRIM(_xlfn.TEXTBEFORE(MID(D59,SEARCH("พระ",D59),100),CHAR(10))) -> พระครูกิตติธรรมโชติ (ทม ธมฺมทีโป) | I59: =VALUE(SUBSTITUTE(SUBSTITUTE(SUBSTITUTE(SUBSTITUTE(SUBSTITUTE(SUBSTITUTE(SUBSTITUTE(SUBSTITUTE(SUBSTITUTE(SUBSTITUTE(_xlfn.TEXTBEFORE(_xlfn.TEXTAFTER(D59,"เมื่ออายุ "), " ปี"),"๐","0"),"๑","1"),"๒","2"),"๓","3"),"๔","4"),"๕","5"),"๖","6"),"๗","7"),"๘","8"),"๙","9")) -> 20 | J59: =VALUE(SUBSTITUTE(SUBSTITUTE(SUBSTITUTE(SUBSTITUTE(SUBSTITUTE(SUBSTITUTE(SUBSTITUTE(SUBSTITUTE(SUBSTITUTE(SUBSTITUTE(_xlfn.TEXTBEFORE(_xlfn.TEXTAFTER(D59,"วันที่ "), " "),"๐","0"),"๑","1"),"๒","2"),"๓","3"),"๔","4"),"๕","5"),"๖","6"),"๗","7"),"๘","8"),"๙","9")) -> 18 | K59: =_xlfn.TEXTBEFORE(_xlfn.TEXTAFTER(D59,"วันที่ "&_xlfn.TEXTBEFORE(_xlfn.TEXTAFTER(D59,"วันที่ "), " ")&" "), " ") -> พฤษภาคม | L59: =VALUE(SUBSTITUTE(SUBSTITUTE(SUBSTITUTE(SUBSTITUTE(SUBSTITUTE(SUBSTITUTE(SUBSTITUTE(SUBSTITUTE(SUBSTITUTE(SUBSTITUTE(_xlfn.TEXTBEFORE(_xlfn.TEXTAFTER(_xlfn.TEXTAFTER(D59,"วันที่ ")," "&_xlfn.TEXTBEFORE(_xlfn.TEXTAFTER(D59,"วันที่ "&_xlfn.TEXTBEFORE(_xlfn.TEXTAFTER(D59,"วันที่ "), " ")&" "), " ")&" "), " "),"๐","0"),"๑","1"),"๒","2"),"๓","3"),"๔","4"),"๕","5"),"๖","6"),"๗","7"),"๘","8"),"๙","9")) -> 2532 | M59: =SUBSTITUTE(SUBSTITUTE(SUBSTITUTE(SUBSTITUTE(_xlfn.TEXTBEFORE(SUBSTITUTE(SUBSTITUTE(SUBSTITUTE(SUBSTITUTE(SUBSTITUTE(SUBSTITUTE(SUBSTITUTE(SUBSTITUTE(SUBSTITUTE(SUBSTITUTE(_xlfn.TEXTAFTER(D59,"- "),"๐","0"),"๑","1"),"๒","2"),"๓","3"),"๔","4"),"๕","5"),"๖","6"),"๗","7"),"๘","8"),"๙","9"),","),"(",""),")",""),"-","")," ","") -> 0635911436 | N59: =_xlfn.TEXTBEFORE(_xlfn.TEXTAFTER(D59,CHAR(10)),CHAR(10)&"พระ") -> ๒๗๙ ม.๗ บ้านหนองมะนาว ต.ขามใหญ่ อ.เมือง จ.อุบลราชธานี ๓๔๐๐๐ | O59: =YEAR(TODAY())+543 - L59 -> 37 | P59: =VLOOKUP(T59,mapping!C:D,2,0) -> Y | Q59: =IFERROR("อ."&_xlfn.TEXTBEFORE(_xlfn.TEXTAFTER(N59,"อ.")," "),"") -> อ.เมือง | R59: =IFERROR("จ."&_xlfn.TEXTBEFORE(_xlfn.TEXTAFTER(N59,"จ.")," "),"") -> จ.อุบลราชธานี | S59: =IF(LEFT(C59,4)="สาขา","B", IF(LEFT(C59,4)="สำรอ","R", IF(LEFT(C59,4)="สำรว","S",0))) -> B | T59: =S59&F59 -> B52
A60: =+A59+1 -> 58 | C60: สาขาที่ ๑๐๖ | D60: วัดป่านาแก ๓๐๐ ม.๒ ต.โนนสมบูรณ์ อ.เดชอุดม จ.อุบลราชธานี ๓๔๑๖๐ พระครูวชิรธรรมวงศ์ (แสวง วํสธมฺโม) อุปสมบท เมื่ออายุ ๒๒ ปี วันที่ ๓๐ มิถุนายน ๒๕๓๓ (ผู้รับรอง) - (๐๘๗) ๘๗๕-๑๘๘๐,- (๐๘๘) ๐๐๗-๙๐๔๙, | E60: =_xlfn.LET(_xlpm.x,C60, SUBSTITUTE(SUBSTITUTE(SUBSTITUTE(SUBSTITUTE(SUBSTITUTE( SUBSTITUTE(SUBSTITUTE(SUBSTITUTE(SUBSTITUTE(SUBSTITUTE( _xlpm.x,"๐","0"),"๑","1"),"๒","2"),"๓","3"),"๔","4"), "๕","5"),"๖","6"),"๗","7"),"๘","8"),"๙","9")) -> สาขาที่ 106 | F60: 106 | G60: =_xlfn.TEXTBEFORE(D60,CHAR(10)) -> วัดป่านาแก | H60: =TRIM(_xlfn.TEXTBEFORE(MID(D60,SEARCH("พระ",D60),100),CHAR(10))) -> พระครูวชิรธรรมวงศ์ (แสวง วํสธมฺโม) | I60: =VALUE(SUBSTITUTE(SUBSTITUTE(SUBSTITUTE(SUBSTITUTE(SUBSTITUTE(SUBSTITUTE(SUBSTITUTE(SUBSTITUTE(SUBSTITUTE(SUBSTITUTE(_xlfn.TEXTBEFORE(_xlfn.TEXTAFTER(D60,"เมื่ออายุ "), " ปี"),"๐","0"),"๑","1"),"๒","2"),"๓","3"),"๔","4"),"๕","5"),"๖","6"),"๗","7"),"๘","8"),"๙","9")) -> 22 | J60: =VALUE(SUBSTITUTE(SUBSTITUTE(SUBSTITUTE(SUBSTITUTE(SUBSTITUTE(SUBSTITUTE(SUBSTITUTE(SUBSTITUTE(SUBSTITUTE(SUBSTITUTE(_xlfn.TEXTBEFORE(_xlfn.TEXTAFTER(D60,"วันที่ "), " "),"๐","0"),"๑","1"),"๒","2"),"๓","3"),"๔","4"),"๕","5"),"๖","6"),"๗","7"),"๘","8"),"๙","9")) -> 30 | K60: =_xlfn.TEXTBEFORE(_xlfn.TEXTAFTER(D60,"วันที่ "&_xlfn.TEXTBEFORE(_xlfn.TEXTAFTER(D60,"วันที่ "), " ")&" "), " ") -> มิถุนายน | L60: =VALUE(SUBSTITUTE(SUBSTITUTE(SUBSTITUTE(SUBSTITUTE(SUBSTITUTE(SUBSTITUTE(SUBSTITUTE(SUBSTITUTE(SUBSTITUTE(SUBSTITUTE(_xlfn.TEXTBEFORE(_xlfn.TEXTAFTER(_xlfn.TEXTAFTER(D60,"วันที่ ")," "&_xlfn.TEXTBEFORE(_xlfn.TEXTAFTER(D60,"วันที่ "&_xlfn.TEXTBEFORE(_xlfn.TEXTAFTER(D60,"วันที่ "), " ")&" "), " ")&" "), " "),"๐","0"),"๑","1"),"๒","2"),"๓","3"),"๔","4"),"๕","5"),"๖","6"),"๗","7"),"๘","8"),"๙","9")) -> 2533 | M60: =SUBSTITUTE(SUBSTITUTE(SUBSTITUTE(SUBSTITUTE(_xlfn.TEXTBEFORE(SUBSTITUTE(SUBSTITUTE(SUBSTITUTE(SUBSTITUTE(SUBSTITUTE(SUBSTITUTE(SUBSTITUTE(SUBSTITUTE(SUBSTITUTE(SUBSTITUTE(_xlfn.TEXTAFTER(D60,"- "),"๐","0"),"๑","1"),"๒","2"),"๓","3"),"๔","4"),"๕","5"),"๖","6"),"๗","7"),"๘","8"),"๙","9"),","),"(",""),")",""),"-","")," ","") -> 0878751880 | N60: =_xlfn.TEXTBEFORE(_xlfn.TEXTAFTER(D60,CHAR(10)),CHAR(10)&"พระ") -> ๓๐๐ ม.๒ ต.โนนสมบูรณ์ อ.เดชอุดม จ.อุบลราชธานี ๓๔๑๖๐ | O60: =YEAR(TODAY())+543 - L60 -> 36 | P60: =VLOOKUP(T60,mapping!C:D,2,0) -> Y | Q60: =IFERROR("อ."&_xlfn.TEXTBEFORE(_xlfn.TEXTAFTER(N60,"อ.")," "),"") -> อ.เดชอุดม | R60: =IFERROR("จ."&_xlfn.TEXTBEFORE(_xlfn.TEXTAFTER(N60,"จ.")," "),"") -> จ.อุบลราชธานี | S60: =IF(LEFT(C60,4)="สาขา","B", IF(LEFT(C60,4)="สำรอ","R", IF(LEFT(C60,4)="สำรว","S",0))) -> B | T60: =S60&F60 -> B106
A61: =+A60+1 -> 59 | C61: สาขาที่ ๒๘๓ | D61: วัดเขาภูแพนโพธิธรรม ๓๕๙ หมู่ ๒ บ้านโนน ต.ท่าเกวียน อ.วัฒนานคร จ.สระแก้ว ๒๗๑๖๐ พระอธิการกิสมัส ปุญฺญธมฺโม อุปสมบท เมื่ออายุ ๒๔ ปี วันที่ ๑ กรกฎาคม ๒๕๓๓ (ผู้รับรอง) ๐๖๒๙๘๙ ๖๔๙๕,๐๖๒๖๓๖ ๕๙๑๔, | E61: =_xlfn.LET(_xlpm.x,C61, SUBSTITUTE(SUBSTITUTE(SUBSTITUTE(SUBSTITUTE(SUBSTITUTE( SUBSTITUTE(SUBSTITUTE(SUBSTITUTE(SUBSTITUTE(SUBSTITUTE( _xlpm.x,"๐","0"),"๑","1"),"๒","2"),"๓","3"),"๔","4"), "๕","5"),"๖","6"),"๗","7"),"๘","8"),"๙","9")) -> สาขาที่ 283 | F61: 283 | G61: =_xlfn.TEXTBEFORE(D61,CHAR(10)) -> วัดเขาภูแพนโพธิธรรม | H61: =TRIM(_xlfn.TEXTBEFORE(MID(D61,SEARCH("พระ",D61),100),CHAR(10))) -> พระอธิการกิสมัส ปุญฺญธมฺโม | I61: =VALUE(SUBSTITUTE(SUBSTITUTE(SUBSTITUTE(SUBSTITUTE(SUBSTITUTE(SUBSTITUTE(SUBSTITUTE(SUBSTITUTE(SUBSTITUTE(SUBSTITUTE(_xlfn.TEXTBEFORE(_xlfn.TEXTAFTER(D61,"เมื่ออายุ "), " ปี"),"๐","0"),"๑","1"),"๒","2"),"๓","3"),"๔","4"),"๕","5"),"๖","6"),"๗","7"),"๘","8"),"๙","9")) -> 24 | J61: =VALUE(SUBSTITUTE(SUBSTITUTE(SUBSTITUTE(SUBSTITUTE(SUBSTITUTE(SUBSTITUTE(SUBSTITUTE(SUBSTITUTE(SUBSTITUTE(SUBSTITUTE(_xlfn.TEXTBEFORE(_xlfn.TEXTAFTER(D61,"วันที่ "), " "),"๐","0"),"๑","1"),"๒","2"),"๓","3"),"๔","4"),"๕","5"),"๖","6"),"๗","7"),"๘","8"),"๙","9")) -> 1 | K61: =_xlfn.TEXTBEFORE(_xlfn.TEXTAFTER(D61,"วันที่ "&_xlfn.TEXTBEFORE(_xlfn.TEXTAFTER(D61,"วันที่ "), " ")&" "), " ") -> กรกฎาคม | L61: =VALUE(SUBSTITUTE(SUBSTITUTE(SUBSTITUTE(SUBSTITUTE(SUBSTITUTE(SUBSTITUTE(SUBSTITUTE(SUBSTITUTE(SUBSTITUTE(SUBSTITUTE(_xlfn.TEXTBEFORE(_xlfn.TEXTAFTER(_xlfn.TEXTAFTER(D61,"วันที่ ")," "&_xlfn.TEXTBEFORE(_xlfn.TEXTAFTER(D61,"วันที่ "&_xlfn.TEXTBEFORE(_xlfn.TEXTAFTER(D61,"วันที่ "), " ")&" "), " ")&" "), " "),"๐","0"),"๑","1"),"๒","2"),"๓","3"),"๔","4"),"๕","5"),"๖","6"),"๗","7"),"๘","8"),"๙","9")) -> 2533 | M61: =SUBSTITUTE( _xlfn.TEXTBEFORE( SUBSTITUTE(SUBSTITUTE(SUBSTITUTE(SUBSTITUTE(SUBSTITUTE( SUBSTITUTE(SUBSTITUTE(SUBSTITUTE(SUBSTITUTE(SUBSTITUTE( _xlfn.TEXTAFTER(D61,CHAR(10),-1), "๐","0"),"๑","1"),"๒","2"),"๓","3"),"๔","4"), "๕","5"),"๖","6"),"๗","7"),"๘","8"),"๙","9"),",",-1)," ","") -> 0629896495,0626365914 | N61: =_xlfn.TEXTBEFORE(_xlfn.TEXTAFTER(D61,CHAR(10)),CHAR(10)&"พระ") -> ๓๕๙ หมู่ ๒ บ้านโนน ต.ท่าเกวียน อ.วัฒนานคร จ.สระแก้ว ๒๗๑๖๐ | O61: =YEAR(TODAY())+543 - L61 -> 36 | P61: =VLOOKUP(T61,mapping!C:D,2,0) -> Y | Q61: =IFERROR("อ."&_xlfn.TEXTBEFORE(_xlfn.TEXTAFTER(N61,"อ.")," "),"") -> อ.วัฒนานคร | R61: =IFERROR("จ."&_xlfn.TEXTBEFORE(_xlfn.TEXTAFTER(N61,"จ.")," "),"") -> จ.สระแก้ว | S61: =IF(LEFT(C61,4)="สาขา","B", IF(LEFT(C61,4)="สำรอ","R", IF(LEFT(C61,4)="สำรว","S",0))) -> B | T61: =S61&F61 -> B283
A62: =+A61+1 -> 60 | C62: สาขาที่ ๒๖๘ | D62: วัดป่ามณีรัตน์ ๒๔๐ ม.๔ บ้านคุ้ม ต.โคกสว่าง อ.สำโรง จ.อุบลราชธานี ๓๔๓๖๐ พระครูปลัดอุเทน กลฺยาโณ อุปสมบท เมื่ออายุ ๒๑ ปี วันที่ ๑๗ พฤษภาคม ๒๕๓๔ (ผู้รับรอง) - (๐๘๗) ๒๔๗-๕๗๗๗, | E62: =_xlfn.LET(_xlpm.x,C62, SUBSTITUTE(SUBSTITUTE(SUBSTITUTE(SUBSTITUTE(SUBSTITUTE( SUBSTITUTE(SUBSTITUTE(SUBSTITUTE(SUBSTITUTE(SUBSTITUTE( _xlpm.x,"๐","0"),"๑","1"),"๒","2"),"๓","3"),"๔","4"), "๕","5"),"๖","6"),"๗","7"),"๘","8"),"๙","9")) -> สาขาที่ 268 | F62: 268 | G62: =_xlfn.TEXTBEFORE(D62,CHAR(10)) -> วัดป่ามณีรัตน์ | H62: =TRIM(_xlfn.TEXTBEFORE(MID(D62,SEARCH("พระ",D62),100),CHAR(10))) -> พระครูปลัดอุเทน กลฺยาโณ | I62: =VALUE(SUBSTITUTE(SUBSTITUTE(SUBSTITUTE(SUBSTITUTE(SUBSTITUTE(SUBSTITUTE(SUBSTITUTE(SUBSTITUTE(SUBSTITUTE(SUBSTITUTE(_xlfn.TEXTBEFORE(_xlfn.TEXTAFTER(D62,"เมื่ออายุ "), " ปี"),"๐","0"),"๑","1"),"๒","2"),"๓","3"),"๔","4"),"๕","5"),"๖","6"),"๗","7"),"๘","8"),"๙","9")) -> 21 | J62: =VALUE(SUBSTITUTE(SUBSTITUTE(SUBSTITUTE(SUBSTITUTE(SUBSTITUTE(SUBSTITUTE(SUBSTITUTE(SUBSTITUTE(SUBSTITUTE(SUBSTITUTE(_xlfn.TEXTBEFORE(_xlfn.TEXTAFTER(D62,"วันที่ "), " "),"๐","0"),"๑","1"),"๒","2"),"๓","3"),"๔","4"),"๕","5"),"๖","6"),"๗","7"),"๘","8"),"๙","9")) -> 17 | K62: =_xlfn.TEXTBEFORE(_xlfn.TEXTAFTER(D62,"วันที่ "&_xlfn.TEXTBEFORE(_xlfn.TEXTAFTER(D62,"วันที่ "), " ")&" "), " ") -> พฤษภาคม | L62: =VALUE(SUBSTITUTE(SUBSTITUTE(SUBSTITUTE(SUBSTITUTE(SUBSTITUTE(SUBSTITUTE(SUBSTITUTE(SUBSTITUTE(SUBSTITUTE(SUBSTITUTE(_xlfn.TEXTBEFORE(_xlfn.TEXTAFTER(_xlfn.TEXTAFTER(D62,"วันที่ ")," "&_xlfn.TEXTBEFORE(_xlfn.TEXTAFTER(D62,"วันที่ "&_xlfn.TEXTBEFORE(_xlfn.TEXTAFTER(D62,"วันที่ "), " ")&" "), " ")&" "), " "),"๐","0"),"๑","1"),"๒","2"),"๓","3"),"๔","4"),"๕","5"),"๖","6"),"๗","7"),"๘","8"),"๙","9")) -> 2534 | M62: =SUBSTITUTE(SUBSTITUTE(SUBSTITUTE(SUBSTITUTE(_xlfn.TEXTBEFORE(SUBSTITUTE(SUBSTITUTE(SUBSTITUTE(SUBSTITUTE(SUBSTITUTE(SUBSTITUTE(SUBSTITUTE(SUBSTITUTE(SUBSTITUTE(SUBSTITUTE(_xlfn.TEXTAFTER(D62,"- "),"๐","0"),"๑","1"),"๒","2"),"๓","3"),"๔","4"),"๕","5"),"๖","6"),"๗","7"),"๘","8"),"๙","9"),","),"(",""),")",""),"-","")," ","") -> 0872475777 | N62: =_xlfn.TEXTBEFORE(_xlfn.TEXTAFTER(D62,CHAR(10)),CHAR(10)&"พระ") -> ๒๔๐ ม.๔ บ้านคุ้ม ต.โคกสว่าง อ.สำโรง จ.อุบลราชธานี ๓๔๓๖๐ | O62: =YEAR(TODAY())+543 - L62 -> 35 | P62: =VLOOKUP(T62,mapping!C:D,2,0) -> Y | Q62: =IFERROR("อ."&_xlfn.TEXTBEFORE(_xlfn.TEXTAFTER(N62,"อ.")," "),"") -> อ.สำโรง | R62: =IFERROR("จ."&_xlfn.TEXTBEFORE(_xlfn.TEXTAFTER(N62,"จ.")," "),"") -> จ.อุบลราชธานี | S62: =IF(LEFT(C62,4)="สาขา","B", IF(LEFT(C62,4)="สำรอ","R", IF(LEFT(C62,4)="สำรว","S",0))) -> B | T62: =S62&F62 -> B268
A63: =+A62+1 -> 61 | C63: สำรองที่ ๐๔๔ | D63: ที่พักสงฆ์พุทธวิภาวดี ๓๙/๑ หมู่ที่ ๑๗ บ้านหน้าเขา ต.ตะกุกเหนือ อ.วิภาวดี จ.สุราษฎร์ธานี ๘๔๓๗๐ พระมหาวีรพงศ์ วีรปญฺโญ อุปสมบท เมื่ออายุ ๒๒ ปี วันที่ ๒๒ พฤษภาคม ๒๕๓๔ (ผู้รับรอง)พระครูภาวนาชัยมงคล (สุนทร ทนฺตจิตฺโต) วัดป่าชัยมงคล - (๐๘๗) ๘๖๑-๑๑๗๑, | E63: =_xlfn.LET(_xlpm.x,C63, SUBSTITUTE(SUBSTITUTE(SUBSTITUTE(SUBSTITUTE(SUBSTITUTE( SUBSTITUTE(SUBSTITUTE(SUBSTITUTE(SUBSTITUTE(SUBSTITUTE( _xlpm.x,"๐","0"),"๑","1"),"๒","2"),"๓","3"),"๔","4"), "๕","5"),"๖","6"),"๗","7"),"๘","8"),"๙","9")) -> สำรองที่ 044 | F63: 44 | G63: =_xlfn.TEXTBEFORE(D63,CHAR(10)) -> ที่พักสงฆ์พุทธวิภาวดี | H63: =TRIM(_xlfn.TEXTBEFORE(MID(D63,SEARCH("พระ",D63),100),CHAR(10))) -> พระมหาวีรพงศ์ วีรปญฺโญ | I63: =VALUE(SUBSTITUTE(SUBSTITUTE(SUBSTITUTE(SUBSTITUTE(SUBSTITUTE(SUBSTITUTE(SUBSTITUTE(SUBSTITUTE(SUBSTITUTE(SUBSTITUTE(_xlfn.TEXTBEFORE(_xlfn.TEXTAFTER(D63,"เมื่ออายุ "), " ปี"),"๐","0"),"๑","1"),"๒","2"),"๓","3"),"๔","4"),"๕","5"),"๖","6"),"๗","7"),"๘","8"),"๙","9")) -> 22 | J63: =VALUE(SUBSTITUTE(SUBSTITUTE(SUBSTITUTE(SUBSTITUTE(SUBSTITUTE(SUBSTITUTE(SUBSTITUTE(SUBSTITUTE(SUBSTITUTE(SUBSTITUTE(_xlfn.TEXTBEFORE(_xlfn.TEXTAFTER(D63,"วันที่ "), " "),"๐","0"),"๑","1"),"๒","2"),"๓","3"),"๔","4"),"๕","5"),"๖","6"),"๗","7"),"๘","8"),"๙","9")) -> 22 | K63: =_xlfn.TEXTBEFORE(_xlfn.TEXTAFTER(D63,"วันที่ "&_xlfn.TEXTBEFORE(_xlfn.TEXTAFTER(D63,"วันที่ "), " ")&" "), " ") -> พฤษภาคม | L63: =VALUE(SUBSTITUTE(SUBSTITUTE(SUBSTITUTE(SUBSTITUTE(SUBSTITUTE(SUBSTITUTE(SUBSTITUTE(SUBSTITUTE(SUBSTITUTE(SUBSTITUTE(_xlfn.TEXTBEFORE(_xlfn.TEXTAFTER(_xlfn.TEXTAFTER(D63,"วันที่ ")," "&_xlfn.TEXTBEFORE(_xlfn.TEXTAFTER(D63,"วันที่ "&_xlfn.TEXTBEFORE(_xlfn.TEXTAFTER(D63,"วันที่ "), " ")&" "), " ")&" "), " "),"๐","0"),"๑","1"),"๒","2"),"๓","3"),"๔","4"),"๕","5"),"๖","6"),"๗","7"),"๘","8"),"๙","9")) -> 2534 | M63: =SUBSTITUTE(SUBSTITUTE(SUBSTITUTE(SUBSTITUTE(_xlfn.TEXTBEFORE(SUBSTITUTE(SUBSTITUTE(SUBSTITUTE(SUBSTITUTE(SUBSTITUTE(SUBSTITUTE(SUBSTITUTE(SUBSTITUTE(SUBSTITUTE(SUBSTITUTE(_xlfn.TEXTAFTER(D63,"- "),"๐","0"),"๑","1"),"๒","2"),"๓","3"),"๔","4"),"๕","5"),"๖","6"),"๗","7"),"๘","8"),"๙","9"),","),"(",""),")",""),"-","")," ","") -> 0878611171 | N63: =_xlfn.TEXTBEFORE(_xlfn.TEXTAFTER(D63,CHAR(10)),CHAR(10)&"พระ") -> ๓๙/๑ หมู่ที่ ๑๗ บ้านหน้าเขา ต.ตะกุกเหนือ อ.วิภาวดี จ.สุราษฎร์ธานี ๘๔๓๗๐ | O63: =YEAR(TODAY())+543 - L63 -> 35 | P63: =VLOOKUP(T63,mapping!C:D,2,0) -> #N/A | Q63: =IFERROR("อ."&_xlfn.TEXTBEFORE(_xlfn.TEXTAFTER(N63,"อ.")," "),"") -> อ.วิภาวดี | R63: =IFERROR("จ."&_xlfn.TEXTBEFORE(_xlfn.TEXTAFTER(N63,"จ.")," "),"") -> จ.สุราษฎร์ธานี | S63: =IF(LEFT(C63,4)="สาขา","B", IF(LEFT(C63,4)="สำรอ","R", IF(LEFT(C63,4)="สำรว","S",0))) -> R | T63: =S63&F63 -> R44
A64: =+A63+1 -> 62 | C64: สำรองที่ ๐๐๒ | D64: วัดป่าพงไพรวัลย์ ๙๘ หมู่ที่ ๑๑ ต.เขาน้อย อ.เวียงเก่า จ.ขอนแก่น ๔๐๑๕๐ พระครูปทุมกิจจานุกูล (ไสว สจฺจญาโณ) อุปสมบท เมื่ออายุ ๓๑ ปี วันที่ ๒๕ เมษายน ๒๕๓๕ (ผู้รับรอง)พระเทพวชิรญาณ (เลี่ยม ฐิตธมฺโม) วัดหนองป่าพง - (๐๙๙) ๗๔๐-๕๓๘๘, | E64: =_xlfn.LET(_xlpm.x,C64, SUBSTITUTE(SUBSTITUTE(SUBSTITUTE(SUBSTITUTE(SUBSTITUTE( SUBSTITUTE(SUBSTITUTE(SUBSTITUTE(SUBSTITUTE(SUBSTITUTE( _xlpm.x,"๐","0"),"๑","1"),"๒","2"),"๓","3"),"๔","4"), "๕","5"),"๖","6"),"๗","7"),"๘","8"),"๙","9")) -> สำรองที่ 002 | F64: 2 | G64: =_xlfn.TEXTBEFORE(D64,CHAR(10)) -> วัดป่าพงไพรวัลย์ | H64: =TRIM(_xlfn.TEXTBEFORE(MID(D64,SEARCH("พระ",D64),100),CHAR(10))) -> พระครูปทุมกิจจานุกูล (ไสว สจฺจญาโณ) | I64: =VALUE(SUBSTITUTE(SUBSTITUTE(SUBSTITUTE(SUBSTITUTE(SUBSTITUTE(SUBSTITUTE(SUBSTITUTE(SUBSTITUTE(SUBSTITUTE(SUBSTITUTE(_xlfn.TEXTBEFORE(_xlfn.TEXTAFTER(D64,"เมื่ออายุ "), " ปี"),"๐","0"),"๑","1"),"๒","2"),"๓","3"),"๔","4"),"๕","5"),"๖","6"),"๗","7"),"๘","8"),"๙","9")) -> 31 | J64: =VALUE(SUBSTITUTE(SUBSTITUTE(SUBSTITUTE(SUBSTITUTE(SUBSTITUTE(SUBSTITUTE(SUBSTITUTE(SUBSTITUTE(SUBSTITUTE(SUBSTITUTE(_xlfn.TEXTBEFORE(_xlfn.TEXTAFTER(D64,"วันที่ "), " "),"๐","0"),"๑","1"),"๒","2"),"๓","3"),"๔","4"),"๕","5"),"๖","6"),"๗","7"),"๘","8"),"๙","9")) -> 25 | K64: =_xlfn.TEXTBEFORE(_xlfn.TEXTAFTER(D64,"วันที่ "&_xlfn.TEXTBEFORE(_xlfn.TEXTAFTER(D64,"วันที่ "), " ")&" "), " ") -> เมษายน | L64: =VALUE(SUBSTITUTE(SUBSTITUTE(SUBSTITUTE(SUBSTITUTE(SUBSTITUTE(SUBSTITUTE(SUBSTITUTE(SUBSTITUTE(SUBSTITUTE(SUBSTITUTE(_xlfn.TEXTBEFORE(_xlfn.TEXTAFTER(_xlfn.TEXTAFTER(D64,"วันที่ ")," "&_xlfn.TEXTBEFORE(_xlfn.TEXTAFTER(D64,"วันที่ "&_xlfn.TEXTBEFORE(_xlfn.TEXTAFTER(D64,"วันที่ "), " ")&" "), " ")&" "), " "),"๐","0"),"๑","1"),"๒","2"),"๓","3"),"๔","4"),"๕","5"),"๖","6"),"๗","7"),"๘","8"),"๙","9")) -> 2535 | M64: =SUBSTITUTE(SUBSTITUTE(SUBSTITUTE(SUBSTITUTE(_xlfn.TEXTBEFORE(SUBSTITUTE(SUBSTITUTE(SUBSTITUTE(SUBSTITUTE(SUBSTITUTE(SUBSTITUTE(SUBSTITUTE(SUBSTITUTE(SUBSTITUTE(SUBSTITUTE(_xlfn.TEXTAFTER(D64,"- "),"๐","0"),"๑","1"),"๒","2"),"๓","3"),"๔","4"),"๕","5"),"๖","6"),"๗","7"),"๘","8"),"๙","9"),","),"(",""),")",""),"-","")," ","") -> 0997405388 | N64: =_xlfn.TEXTBEFORE(_xlfn.TEXTAFTER(D64,CHAR(10)),CHAR(10)&"พระ") -> ๙๘ หมู่ที่ ๑๑ ต.เขาน้อย อ.เวียงเก่า จ.ขอนแก่น ๔๐๑๕๐ | O64: =YEAR(TODAY())+543 - L64 -> 34 | P64: =VLOOKUP(T64,mapping!C:D,2,0) -> #N/A | Q64: =IFERROR("อ."&_xlfn.TEXTBEFORE(_xlfn.TEXTAFTER(N64,"อ.")," "),"") -> อ.เวียงเก่า | R64: =IFERROR("จ."&_xlfn.TEXTBEFORE(_xlfn.TEXTAFTER(N64,"จ.")," "),"") -> จ.ขอนแก่น | S64: =IF(LEFT(C64,4)="สาขา","B", IF(LEFT(C64,4)="สำรอ","R", IF(LEFT(C64,4)="สำรว","S",0))) -> R | T64: =S64&F64 -> R2
A65: =+A64+1 -> 63 | C65: สาขาที่ ๐๔๐ | D65: วัดป่าสุธรรมรังษี ๓๑๔ ม.๙ บ้านนานวลใต้พัฒนา ต.คำครั่ง อ.เดชอุดม จ.อุบลราชธานี ๓๔๑๖๐ พระครูอิทธิธรรมรังษี (ประทีป อิทฺธิวํโส) อุปสมบท เมื่ออายุ ๒๓ ปี วันที่ ๑๕ มีนาคม ๒๕๓๕ (ผู้รับรอง) - (๐๘๖) ๔๙๙-๙๔๑๒,- (๐๘๑) ๗๒๕-๖๓๐๓, | E65: =_xlfn.LET(_xlpm.x,C65, SUBSTITUTE(SUBSTITUTE(SUBSTITUTE(SUBSTITUTE(SUBSTITUTE( SUBSTITUTE(SUBSTITUTE(SUBSTITUTE(SUBSTITUTE(SUBSTITUTE( _xlpm.x,"๐","0"),"๑","1"),"๒","2"),"๓","3"),"๔","4"), "๕","5"),"๖","6"),"๗","7"),"๘","8"),"๙","9")) -> สาขาที่ 040 | F65: 40 | G65: =_xlfn.TEXTBEFORE(D65,CHAR(10)) -> วัดป่าสุธรรมรังษี | H65: =TRIM(_xlfn.TEXTBEFORE(MID(D65,SEARCH("พระ",D65),100),CHAR(10))) -> พระครูอิทธิธรรมรังษี (ประทีป อิทฺธิวํโส) | I65: =VALUE(SUBSTITUTE(SUBSTITUTE(SUBSTITUTE(SUBSTITUTE(SUBSTITUTE(SUBSTITUTE(SUBSTITUTE(SUBSTITUTE(SUBSTITUTE(SUBSTITUTE(_xlfn.TEXTBEFORE(_xlfn.TEXTAFTER(D65,"เมื่ออายุ "), " ปี"),"๐","0"),"๑","1"),"๒","2"),"๓","3"),"๔","4"),"๕","5"),"๖","6"),"๗","7"),"๘","8"),"๙","9")) -> 23 | J65: =VALUE(SUBSTITUTE(SUBSTITUTE(SUBSTITUTE(SUBSTITUTE(SUBSTITUTE(SUBSTITUTE(SUBSTITUTE(SUBSTITUTE(SUBSTITUTE(SUBSTITUTE(_xlfn.TEXTBEFORE(_xlfn.TEXTAFTER(D65,"วันที่ "), " "),"๐","0"),"๑","1"),"๒","2"),"๓","3"),"๔","4"),"๕","5"),"๖","6"),"๗","7"),"๘","8"),"๙","9")) -> 15 | K65: =_xlfn.TEXTBEFORE(_xlfn.TEXTAFTER(D65,"วันที่ "&_xlfn.TEXTBEFORE(_xlfn.TEXTAFTER(D65,"วันที่ "), " ")&" "), " ") -> มีนาคม | L65: =VALUE(SUBSTITUTE(SUBSTITUTE(SUBSTITUTE(SUBSTITUTE(SUBSTITUTE(SUBSTITUTE(SUBSTITUTE(SUBSTITUTE(SUBSTITUTE(SUBSTITUTE(_xlfn.TEXTBEFORE(_xlfn.TEXTAFTER(_xlfn.TEXTAFTER(D65,"วันที่ ")," "&_xlfn.TEXTBEFORE(_xlfn.TEXTAFTER(D65,"วันที่ "&_xlfn.TEXTBEFORE(_xlfn.TEXTAFTER(D65,"วันที่ "), " ")&" "), " ")&" "), " "),"๐","0"),"๑","1"),"๒","2"),"๓","3"),"๔","4"),"๕","5"),"๖","6"),"๗","7"),"๘","8"),"๙","9")) -> 2535 | M65: =SUBSTITUTE(SUBSTITUTE(SUBSTITUTE(SUBSTITUTE(_xlfn.TEXTBEFORE(SUBSTITUTE(SUBSTITUTE(SUBSTITUTE(SUBSTITUTE(SUBSTITUTE(SUBSTITUTE(SUBSTITUTE(SUBSTITUTE(SUBSTITUTE(SUBSTITUTE(_xlfn.TEXTAFTER(D65,"- "),"๐","0"),"๑","1"),"๒","2"),"๓","3"),"๔","4"),"๕","5"),"๖","6"),"๗","7"),"๘","8"),"๙","9"),","),"(",""),")",""),"-","")," ","") -> 0864999412 | N65: =_xlfn.TEXTBEFORE(_xlfn.TEXTAFTER(D65,CHAR(10)),CHAR(10)&"พระ") -> ๓๑๔ ม.๙ บ้านนานวลใต้พัฒนา ต.คำครั่ง อ.เดชอุดม จ.อุบลราชธานี ๓๔๑๖๐ | O65: =YEAR(TODAY())+543 - L65 -> 34 | P65: =VLOOKUP(T65,mapping!C:D,2,0) -> Y | Q65: =IFERROR("อ."&_xlfn.TEXTBEFORE(_xlfn.TEXTAFTER(N65,"อ.")," "),"") -> อ.เดชอุดม | R65: =IFERROR("จ."&_xlfn.TEXTBEFORE(_xlfn.TEXTAFTER(N65,"จ.")," "),"") -> จ.อุบลราชธานี | S65: =IF(LEFT(C65,4)="สาขา","B", IF(LEFT(C65,4)="สำรอ","R", IF(LEFT(C65,4)="สำรว","S",0))) -> B | T65: =S65&F65 -> B40
A66: =+A65+1 -> 64 | C66: สาขาที่ ๐๖๐ | D66: วัดป่าห้วยเสือวิปัสสนาราม ๑๓/๑๗ ม.๑ บ้านห้วยเสือ ต.ชะแล อ.ทองผาภูมิ จ.กาญจนบุรี ๗๑๑๘๐ พระอธิการอมร อุตฺตโม อุปสมบท เมื่ออายุ ๒๒ ปี วันที่ ๕ กรกฎาคม ๒๕๓๕ (ผู้รับรอง) - (๐๘๙) ๐๕๙-๒๔๙๔,- (๐๘๐) ๗๘๘-๗๔๙๒, | E66: =_xlfn.LET(_xlpm.x,C66, SUBSTITUTE(SUBSTITUTE(SUBSTITUTE(SUBSTITUTE(SUBSTITUTE( SUBSTITUTE(SUBSTITUTE(SUBSTITUTE(SUBSTITUTE(SUBSTITUTE( _xlpm.x,"๐","0"),"๑","1"),"๒","2"),"๓","3"),"๔","4"), "๕","5"),"๖","6"),"๗","7"),"๘","8"),"๙","9")) -> สาขาที่ 060 | F66: 60 | G66: =_xlfn.TEXTBEFORE(D66,CHAR(10)) -> วัดป่าห้วยเสือวิปัสสนาราม | H66: =TRIM(_xlfn.TEXTBEFORE(MID(D66,SEARCH("พระ",D66),100),CHAR(10))) -> พระอธิการอมร อุตฺตโม | I66: =VALUE(SUBSTITUTE(SUBSTITUTE(SUBSTITUTE(SUBSTITUTE(SUBSTITUTE(SUBSTITUTE(SUBSTITUTE(SUBSTITUTE(SUBSTITUTE(SUBSTITUTE(_xlfn.TEXTBEFORE(_xlfn.TEXTAFTER(D66,"เมื่ออายุ "), " ปี"),"๐","0"),"๑","1"),"๒","2"),"๓","3"),"๔","4"),"๕","5"),"๖","6"),"๗","7"),"๘","8"),"๙","9")) -> 22 | J66: =VALUE(SUBSTITUTE(SUBSTITUTE(SUBSTITUTE(SUBSTITUTE(SUBSTITUTE(SUBSTITUTE(SUBSTITUTE(SUBSTITUTE(SUBSTITUTE(SUBSTITUTE(_xlfn.TEXTBEFORE(_xlfn.TEXTAFTER(D66,"วันที่ "), " "),"๐","0"),"๑","1"),"๒","2"),"๓","3"),"๔","4"),"๕","5"),"๖","6"),"๗","7"),"๘","8"),"๙","9")) -> 5 | K66: =_xlfn.TEXTBEFORE(_xlfn.TEXTAFTER(D66,"วันที่ "&_xlfn.TEXTBEFORE(_xlfn.TEXTAFTER(D66,"วันที่ "), " ")&" "), " ") -> กรกฎาคม | L66: =VALUE(SUBSTITUTE(SUBSTITUTE(SUBSTITUTE(SUBSTITUTE(SUBSTITUTE(SUBSTITUTE(SUBSTITUTE(SUBSTITUTE(SUBSTITUTE(SUBSTITUTE(_xlfn.TEXTBEFORE(_xlfn.TEXTAFTER(_xlfn.TEXTAFTER(D66,"วันที่ ")," "&_xlfn.TEXTBEFORE(_xlfn.TEXTAFTER(D66,"วันที่ "&_xlfn.TEXTBEFORE(_xlfn.TEXTAFTER(D66,"วันที่ "), " ")&" "), " ")&" "), " "),"๐","0"),"๑","1"),"๒","2"),"๓","3"),"๔","4"),"๕","5"),"๖","6"),"๗","7"),"๘","8"),"๙","9")) -> 2535 | M66: =SUBSTITUTE(SUBSTITUTE(SUBSTITUTE(SUBSTITUTE(_xlfn.TEXTBEFORE(SUBSTITUTE(SUBSTITUTE(SUBSTITUTE(SUBSTITUTE(SUBSTITUTE(SUBSTITUTE(SUBSTITUTE(SUBSTITUTE(SUBSTITUTE(SUBSTITUTE(_xlfn.TEXTAFTER(D66,"- "),"๐","0"),"๑","1"),"๒","2"),"๓","3"),"๔","4"),"๕","5"),"๖","6"),"๗","7"),"๘","8"),"๙","9"),","),"(",""),")",""),"-","")," ","") -> 0890592494 | N66: =_xlfn.TEXTBEFORE(_xlfn.TEXTAFTER(D66,CHAR(10)),CHAR(10)&"พระ") -> ๑๓/๑๗ ม.๑ บ้านห้วยเสือ ต.ชะแล อ.ทองผาภูมิ จ.กาญจนบุรี ๗๑๑๘๐ | O66: =YEAR(TODAY())+543 - L66 -> 34 | P66: =VLOOKUP(T66,mapping!C:D,2,0) -> Y | Q66: =IFERROR("อ."&_xlfn.TEXTBEFORE(_xlfn.TEXTAFTER(N66,"อ.")," "),"") -> อ.ทองผาภูมิ | R66: =IFERROR("จ."&_xlfn.TEXTBEFORE(_xlfn.TEXTAFTER(N66,"จ.")," "),"") -> จ.กาญจนบุรี | S66: =IF(LEFT(C66,4)="สาขา","B", IF(LEFT(C66,4)="สำรอ","R", IF(LEFT(C66,4)="สำรว","S",0))) -> B | T66: =S66&F66 -> B60
A67: =+A66+1 -> 65 | C67: สำรวจที่ ๐๐๓ | D67: ที่พักสงฆ์พระธาตุท่าสมอ ม.๔ บ้านท่าสมอ ต.ม่วง อ.มหาชนชัย จ.ยโสธร ๓๕๑๓๐ พระอาจารย์สุรศักดิ์ สุวณฺโณ อุปสมบท เมื่ออายุ ๒๑ ปี วันที่ ๑๑ กรกฎาคม ๒๕๓๕ (ผู้รับรอง)พระครูบรรพตวรกิจ (บุญมี ปิยธมฺโม) วัดบึงเขาหลวง - (๐๖๒) ๑๖๔-๐๘๕๖, | E67: =_xlfn.LET(_xlpm.x,C67, SUBSTITUTE(SUBSTITUTE(SUBSTITUTE(SUBSTITUTE(SUBSTITUTE( SUBSTITUTE(SUBSTITUTE(SUBSTITUTE(SUBSTITUTE(SUBSTITUTE( _xlpm.x,"๐","0"),"๑","1"),"๒","2"),"๓","3"),"๔","4"), "๕","5"),"๖","6"),"๗","7"),"๘","8"),"๙","9")) -> สำรวจที่ 003 | F67: 3 | G67: =_xlfn.TEXTBEFORE(D67,CHAR(10)) -> ที่พักสงฆ์พระธาตุท่าสมอ | H67: =TRIM(_xlfn.TEXTBEFORE(MID(D67,SEARCH("พระค",D67),100),CHAR(10))) -> พระครูบรรพตวรกิจ (บุญมี ปิยธมฺโม) วัดบึงเขาหลวง | I67: =VALUE(SUBSTITUTE(SUBSTITUTE(SUBSTITUTE(SUBSTITUTE(SUBSTITUTE(SUBSTITUTE(SUBSTITUTE(SUBSTITUTE(SUBSTITUTE(SUBSTITUTE(_xlfn.TEXTBEFORE(_xlfn.TEXTAFTER(D67,"เมื่ออายุ "), " ปี"),"๐","0"),"๑","1"),"๒","2"),"๓","3"),"๔","4"),"๕","5"),"๖","6"),"๗","7"),"๘","8"),"๙","9")) -> 21 | J67: =VALUE(SUBSTITUTE(SUBSTITUTE(SUBSTITUTE(SUBSTITUTE(SUBSTITUTE(SUBSTITUTE(SUBSTITUTE(SUBSTITUTE(SUBSTITUTE(SUBSTITUTE(_xlfn.TEXTBEFORE(_xlfn.TEXTAFTER(D67,"วันที่ "), " "),"๐","0"),"๑","1"),"๒","2"),"๓","3"),"๔","4"),"๕","5"),"๖","6"),"๗","7"),"๘","8"),"๙","9")) -> 11 | K67: =_xlfn.TEXTBEFORE(_xlfn.TEXTAFTER(D67,"วันที่ "&_xlfn.TEXTBEFORE(_xlfn.TEXTAFTER(D67,"วันที่ "), " ")&" "), " ") -> กรกฎาคม | L67: =VALUE(SUBSTITUTE(SUBSTITUTE(SUBSTITUTE(SUBSTITUTE(SUBSTITUTE(SUBSTITUTE(SUBSTITUTE(SUBSTITUTE(SUBSTITUTE(SUBSTITUTE(_xlfn.TEXTBEFORE(_xlfn.TEXTAFTER(_xlfn.TEXTAFTER(D67,"วันที่ ")," "&_xlfn.TEXTBEFORE(_xlfn.TEXTAFTER(D67,"วันที่ "&_xlfn.TEXTBEFORE(_xlfn.TEXTAFTER(D67,"วันที่ "), " ")&" "), " ")&" "), " "),"๐","0"),"๑","1"),"๒","2"),"๓","3"),"๔","4"),"๕","5"),"๖","6"),"๗","7"),"๘","8"),"๙","9")) -> 2535 | M67: =SUBSTITUTE(SUBSTITUTE(SUBSTITUTE(SUBSTITUTE(_xlfn.TEXTBEFORE(SUBSTITUTE(SUBSTITUTE(SUBSTITUTE(SUBSTITUTE(SUBSTITUTE(SUBSTITUTE(SUBSTITUTE(SUBSTITUTE(SUBSTITUTE(SUBSTITUTE(_xlfn.TEXTAFTER(D67,"- "),"๐","0"),"๑","1"),"๒","2"),"๓","3"),"๔","4"),"๕","5"),"๖","6"),"๗","7"),"๘","8"),"๙","9"),","),"(",""),")",""),"-","")," ","") -> 0621640856 | N67: =_xlfn.TEXTBEFORE(_xlfn.TEXTAFTER(D67,CHAR(10)),CHAR(10)&"พระ") -> ม.๔ บ้านท่าสมอ ต.ม่วง อ.มหาชนชัย จ.ยโสธร ๓๕๑๓๐ | O67: =YEAR(TODAY())+543 - L67 -> 34 | P67: =VLOOKUP(T67,mapping!C:D,2,0) -> #N/A | Q67: =IFERROR("อ."&_xlfn.TEXTBEFORE(_xlfn.TEXTAFTER(N67,"อ.")," "),"") -> อ.มหาชนชัย | R67: =IFERROR("จ."&_xlfn.TEXTBEFORE(_xlfn.TEXTAFTER(N67,"จ.")," "),"") -> จ.ยโสธร | S67: =IF(LEFT(C67,4)="สาขา","B", IF(LEFT(C67,4)="สำรอ","R", IF(LEFT(C67,4)="สำรว","S",0))) -> S | T67: =S67&F67 -> S3
A68: =+A67+1 -> 66 | C68: สาขาที่ ๒๗๕ | D68: วัดป่าทุ่งพญาหาญ ๓ หมู่ที่ ๑๐ ต.หนองแก้ว อ.ประจันตคาม จ.ปราจีนบุรี ๒๕๑๓๐ พระอธิการคำไพร อุชุจาโร อุปสมบท เมื่ออายุ ๒๐ ปี วันที่ ๖ กรกฎาคม ๒๕๓๘ (ผู้รับรอง) ๐๖๒๖๕๒ ๕๕๙๕,๐๘๖๓๔๙ ๖๙๐๔, | E68: =_xlfn.LET(_xlpm.x,C68, SUBSTITUTE(SUBSTITUTE(SUBSTITUTE(SUBSTITUTE(SUBSTITUTE( SUBSTITUTE(SUBSTITUTE(SUBSTITUTE(SUBSTITUTE(SUBSTITUTE( _xlpm.x,"๐","0"),"๑","1"),"๒","2"),"๓","3"),"๔","4"), "๕","5"),"๖","6"),"๗","7"),"๘","8"),"๙","9")) -> สาขาที่ 275 | F68: 275 | G68: =_xlfn.TEXTBEFORE(D68,CHAR(10)) -> วัดป่าทุ่งพญาหาญ | H68: =TRIM(_xlfn.TEXTBEFORE(MID(D68,SEARCH("พระ",D68),100),CHAR(10))) -> พระอธิการคำไพร อุชุจาโร | I68: =VALUE(SUBSTITUTE(SUBSTITUTE(SUBSTITUTE(SUBSTITUTE(SUBSTITUTE(SUBSTITUTE(SUBSTITUTE(SUBSTITUTE(SUBSTITUTE(SUBSTITUTE(_xlfn.TEXTBEFORE(_xlfn.TEXTAFTER(D68,"เมื่ออายุ "), " ปี"),"๐","0"),"๑","1"),"๒","2"),"๓","3"),"๔","4"),"๕","5"),"๖","6"),"๗","7"),"๘","8"),"๙","9")) -> 20 | J68: =VALUE(SUBSTITUTE(SUBSTITUTE(SUBSTITUTE(SUBSTITUTE(SUBSTITUTE(SUBSTITUTE(SUBSTITUTE(SUBSTITUTE(SUBSTITUTE(SUBSTITUTE(_xlfn.TEXTBEFORE(_xlfn.TEXTAFTER(D68,"วันที่ "), " "),"๐","0"),"๑","1"),"๒","2"),"๓","3"),"๔","4"),"๕","5"),"๖","6"),"๗","7"),"๘","8"),"๙","9")) -> 6 | K68: =_xlfn.TEXTBEFORE(_xlfn.TEXTAFTER(D68,"วันที่ "&_xlfn.TEXTBEFORE(_xlfn.TEXTAFTER(D68,"วันที่ "), " ")&" "), " ") -> กรกฎาคม | L68: =VALUE(SUBSTITUTE(SUBSTITUTE(SUBSTITUTE(SUBSTITUTE(SUBSTITUTE(SUBSTITUTE(SUBSTITUTE(SUBSTITUTE(SUBSTITUTE(SUBSTITUTE(_xlfn.TEXTBEFORE(_xlfn.TEXTAFTER(_xlfn.TEXTAFTER(D68,"วันที่ ")," "&_xlfn.TEXTBEFORE(_xlfn.TEXTAFTER(D68,"วันที่ "&_xlfn.TEXTBEFORE(_xlfn.TEXTAFTER(D68,"วันที่ "), " ")&" "), " ")&" "), " "),"๐","0"),"๑","1"),"๒","2"),"๓","3"),"๔","4"),"๕","5"),"๖","6"),"๗","7"),"๘","8"),"๙","9")) -> 2538 | M68: =SUBSTITUTE( _xlfn.TEXTBEFORE( SUBSTITUTE(SUBSTITUTE(SUBSTITUTE(SUBSTITUTE(SUBSTITUTE( SUBSTITUTE(SUBSTITUTE(SUBSTITUTE(SUBSTITUTE(SUBSTITUTE( _xlfn.TEXTAFTER(D68,CHAR(10),-1), "๐","0"),"๑","1"),"๒","2"),"๓","3"),"๔","4"), "๕","5"),"๖","6"),"๗","7"),"๘","8"),"๙","9"),",",-1)," ","") -> 0626525595,0863496904 | N68: =_xlfn.TEXTBEFORE(_xlfn.TEXTAFTER(D68,CHAR(10)),CHAR(10)&"พระ") -> ๓ หมู่ที่ ๑๐ ต.หนองแก้ว อ.ประจันตคาม จ.ปราจีนบุรี ๒๕๑๓๐ | O68: =YEAR(TODAY())+543 - L68 -> 31 | P68: =VLOOKUP(T68,mapping!C:D,2,0) -> Y | Q68: =IFERROR("อ."&_xlfn.TEXTBEFORE(_xlfn.TEXTAFTER(N68,"อ.")," "),"") -> อ.ประจันตคาม | R68: =IFERROR("จ."&_xlfn.TEXTBEFORE(_xlfn.TEXTAFTER(N68,"จ.")," "),"") -> จ.ปราจีนบุรี | S68: =IF(LEFT(C68,4)="สาขา","B", IF(LEFT(C68,4)="สำรอ","R", IF(LEFT(C68,4)="สำรว","S",0))) -> B | T68: =S68&F68 -> B275
A69: =+A68+1 -> 67 | C69: สำรองที่ ๐๑๙ | D69: วัดป่าไผ่ทอง(บ้านไผ่) ๑๖๗ หมู่ ๗ บ้านไผ่ ต.ตบหู อ.เดชอุดม จ.อุบลราชธานี ๓๔๑๖๐ พระครูเวฬุธรรมาลงกรณ์ (เฉลิม สิริปญฺโญ) อุปสมบท เมื่ออายุ ๒๓ ปี วันที่ ๒๙ พฤษภาคม ๒๕๓๘ (ผู้รับรอง)พระราชภาวนาวัชรมุนี (เอนก ยสทินฺโน) วัดป่าไทรงาม - (๐๙๕) ๓๐๑-๐๑๔๔, | E69: =_xlfn.LET(_xlpm.x,C69, SUBSTITUTE(SUBSTITUTE(SUBSTITUTE(SUBSTITUTE(SUBSTITUTE( SUBSTITUTE(SUBSTITUTE(SUBSTITUTE(SUBSTITUTE(SUBSTITUTE( _xlpm.x,"๐","0"),"๑","1"),"๒","2"),"๓","3"),"๔","4"), "๕","5"),"๖","6"),"๗","7"),"๘","8"),"๙","9")) -> สำรองที่ 019 | F69: 19 | G69: =_xlfn.TEXTBEFORE(D69,CHAR(10)) -> วัดป่าไผ่ทอง(บ้านไผ่) | H69: =TRIM(_xlfn.TEXTBEFORE(MID(D69,SEARCH("พระ",D69),100),CHAR(10))) -> พระครูเวฬุธรรมาลงกรณ์ (เฉลิม สิริปญฺโญ) | I69: =VALUE(SUBSTITUTE(SUBSTITUTE(SUBSTITUTE(SUBSTITUTE(SUBSTITUTE(SUBSTITUTE(SUBSTITUTE(SUBSTITUTE(SUBSTITUTE(SUBSTITUTE(_xlfn.TEXTBEFORE(_xlfn.TEXTAFTER(D69,"เมื่ออายุ "), " ปี"),"๐","0"),"๑","1"),"๒","2"),"๓","3"),"๔","4"),"๕","5"),"๖","6"),"๗","7"),"๘","8"),"๙","9")) -> 23 | J69: =VALUE(SUBSTITUTE(SUBSTITUTE(SUBSTITUTE(SUBSTITUTE(SUBSTITUTE(SUBSTITUTE(SUBSTITUTE(SUBSTITUTE(SUBSTITUTE(SUBSTITUTE(_xlfn.TEXTBEFORE(_xlfn.TEXTAFTER(D69,"วันที่ "), " "),"๐","0"),"๑","1"),"๒","2"),"๓","3"),"๔","4"),"๕","5"),"๖","6"),"๗","7"),"๘","8"),"๙","9")) -> 29 | K69: =_xlfn.TEXTBEFORE(_xlfn.TEXTAFTER(D69,"วันที่ "&_xlfn.TEXTBEFORE(_xlfn.TEXTAFTER(D69,"วันที่ "), " ")&" "), " ") -> พฤษภาคม | L69: =VALUE(SUBSTITUTE(SUBSTITUTE(SUBSTITUTE(SUBSTITUTE(SUBSTITUTE(SUBSTITUTE(SUBSTITUTE(SUBSTITUTE(SUBSTITUTE(SUBSTITUTE(_xlfn.TEXTBEFORE(_xlfn.TEXTAFTER(_xlfn.TEXTAFTER(D69,"วันที่ ")," "&_xlfn.TEXTBEFORE(_xlfn.TEXTAFTER(D69,"วันที่ "&_xlfn.TEXTBEFORE(_xlfn.TEXTAFTER(D69,"วันที่ "), " ")&" "), " ")&" "), " "),"๐","0"),"๑","1"),"๒","2"),"๓","3"),"๔","4"),"๕","5"),"๖","6"),"๗","7"),"๘","8"),"๙","9")) -> 2538 | M69: =SUBSTITUTE(SUBSTITUTE(SUBSTITUTE(SUBSTITUTE(_xlfn.TEXTBEFORE(SUBSTITUTE(SUBSTITUTE(SUBSTITUTE(SUBSTITUTE(SUBSTITUTE(SUBSTITUTE(SUBSTITUTE(SUBSTITUTE(SUBSTITUTE(SUBSTITUTE(_xlfn.TEXTAFTER(D69,"- "),"๐","0"),"๑","1"),"๒","2"),"๓","3"),"๔","4"),"๕","5"),"๖","6"),"๗","7"),"๘","8"),"๙","9"),","),"(",""),")",""),"-","")," ","") -> 0953010144 | N69: =_xlfn.TEXTBEFORE(_xlfn.TEXTAFTER(D69,CHAR(10)),CHAR(10)&"พระ") -> ๑๖๗ หมู่ ๗ บ้านไผ่ ต.ตบหู อ.เดชอุดม จ.อุบลราชธานี ๓๔๑๖๐ | O69: =YEAR(TODAY())+543 - L69 -> 31 | P69: =VLOOKUP(T69,mapping!C:D,2,0) -> #N/A | Q69: =IFERROR("อ."&_xlfn.TEXTBEFORE(_xlfn.TEXTAFTER(N69,"อ.")," "),"") -> อ.เดชอุดม | R69: =IFERROR("จ."&_xlfn.TEXTBEFORE(_xlfn.TEXTAFTER(N69,"จ.")," "),"") -> จ.อุบลราชธานี | S69: =IF(LEFT(C69,4)="สาขา","B", IF(LEFT(C69,4)="สำรอ","R", IF(LEFT(C69,4)="สำรว","S",0))) -> R | T69: =S69&F69 -> R19
A70: =+A69+1 -> 68 | C70: สาขาที่ ๐๗๔ | D70: วัดหนองอ้อ ๙๒๕/๙ ม.๑ บ้านหนองอ้อ ต.คลองกิ่ว อ.บ้านบึง จ.ชลบุรี ๒๐๒๒๐ พระอธิการสมฤทธิ์ ปภสฺสโร อุปสมบท เมื่ออายุ ๒๓ ปี วันที่ ๒๕ กรกฎาคม ๒๕๓๙ (ผู้รับรอง) - (๐๘๘) ๒๐๘-๓๕๖๕, | E70: =_xlfn.LET(_xlpm.x,C70, SUBSTITUTE(SUBSTITUTE(SUBSTITUTE(SUBSTITUTE(SUBSTITUTE( SUBSTITUTE(SUBSTITUTE(SUBSTITUTE(SUBSTITUTE(SUBSTITUTE( _xlpm.x,"๐","0"),"๑","1"),"๒","2"),"๓","3"),"๔","4"), "๕","5"),"๖","6"),"๗","7"),"๘","8"),"๙","9")) -> สาขาที่ 074 | F70: 74 | G70: =_xlfn.TEXTBEFORE(D70,CHAR(10)) -> วัดหนองอ้อ | H70: =TRIM(_xlfn.TEXTBEFORE(MID(D70,SEARCH("พระ",D70),100),CHAR(10))) -> พระอธิการสมฤทธิ์ ปภสฺสโร | I70: =VALUE(SUBSTITUTE(SUBSTITUTE(SUBSTITUTE(SUBSTITUTE(SUBSTITUTE(SUBSTITUTE(SUBSTITUTE(SUBSTITUTE(SUBSTITUTE(SUBSTITUTE(_xlfn.TEXTBEFORE(_xlfn.TEXTAFTER(D70,"เมื่ออายุ "), " ปี"),"๐","0"),"๑","1"),"๒","2"),"๓","3"),"๔","4"),"๕","5"),"๖","6"),"๗","7"),"๘","8"),"๙","9")) -> 23 | J70: =VALUE(SUBSTITUTE(SUBSTITUTE(SUBSTITUTE(SUBSTITUTE(SUBSTITUTE(SUBSTITUTE(SUBSTITUTE(SUBSTITUTE(SUBSTITUTE(SUBSTITUTE(_xlfn.TEXTBEFORE(_xlfn.TEXTAFTER(D70,"วันที่ "), " "),"๐","0"),"๑","1"),"๒","2"),"๓","3"),"๔","4"),"๕","5"),"๖","6"),"๗","7"),"๘","8"),"๙","9")) -> 25 | K70: =_xlfn.TEXTBEFORE(_xlfn.TEXTAFTER(D70,"วันที่ "&_xlfn.TEXTBEFORE(_xlfn.TEXTAFTER(D70,"วันที่ "), " ")&" "), " ") -> กรกฎาคม | L70: =VALUE(SUBSTITUTE(SUBSTITUTE(SUBSTITUTE(SUBSTITUTE(SUBSTITUTE(SUBSTITUTE(SUBSTITUTE(SUBSTITUTE(SUBSTITUTE(SUBSTITUTE(_xlfn.TEXTBEFORE(_xlfn.TEXTAFTER(_xlfn.TEXTAFTER(D70,"วันที่ ")," "&_xlfn.TEXTBEFORE(_xlfn.TEXTAFTER(D70,"วันที่ "&_xlfn.TEXTBEFORE(_xlfn.TEXTAFTER(D70,"วันที่ "), " ")&" "), " ")&" "), " "),"๐","0"),"๑","1"),"๒","2"),"๓","3"),"๔","4"),"๕","5"),"๖","6"),"๗","7"),"๘","8"),"๙","9")) -> 2539 | M70: =SUBSTITUTE(SUBSTITUTE(SUBSTITUTE(SUBSTITUTE(_xlfn.TEXTBEFORE(SUBSTITUTE(SUBSTITUTE(SUBSTITUTE(SUBSTITUTE(SUBSTITUTE(SUBSTITUTE(SUBSTITUTE(SUBSTITUTE(SUBSTITUTE(SUBSTITUTE(_xlfn.TEXTAFTER(D70,"- "),"๐","0"),"๑","1"),"๒","2"),"๓","3"),"๔","4"),"๕","5"),"๖","6"),"๗","7"),"๘","8"),"๙","9"),","),"(",""),")",""),"-","")," ","") -> 0882083565 | N70: =_xlfn.TEXTBEFORE(_xlfn.TEXTAFTER(D70,CHAR(10)),CHAR(10)&"พระ") -> ๙๒๕/๙ ม.๑ บ้านหนองอ้อ ต.คลองกิ่ว อ.บ้านบึง จ.ชลบุรี ๒๐๒๒๐ | O70: =YEAR(TODAY())+543 - L70 -> 30 | P70: =VLOOKUP(T70,mapping!C:D,2,0) -> Y | Q70: =IFERROR("อ."&_xlfn.TEXTBEFORE(_xlfn.TEXTAFTER(N70,"อ.")," "),"") -> อ.บ้านบึง | R70: =IFERROR("จ."&_xlfn.TEXTBEFORE(_xlfn.TEXTAFTER(N70,"จ.")," "),"") -> จ.ชลบุรี | S70: =IF(LEFT(C70,4)="สาขา","B", IF(LEFT(C70,4)="สำรอ","R", IF(LEFT(C70,4)="สำรว","S",0))) -> B | T70: =S70&F70 -> B74
A71: =+A70+1 -> 69 | C71: สาขาที่ ๓๒๑ | D71: วัดเขาหอม ๑๐๐ หมู่ที่ ๕ ต.โป่งน้ำร้อน อ.โป่งน้ำร้อน จ.จันทบุรี ๒๒๑๔๐ พระอธิการมั่น มุนิวํโส อุปสมบท เมื่ออายุ ๒๑ ปี วันที่ ๒๔ พฤษภาคม ๒๕๔๐ (ผู้รับรอง) ๐๖๑๒๒๙ ๘๙๖๖,๐๘๗๑๓๗ ๑๔๓๖, | E71: =_xlfn.LET(_xlpm.x,C71, SUBSTITUTE(SUBSTITUTE(SUBSTITUTE(SUBSTITUTE(SUBSTITUTE( SUBSTITUTE(SUBSTITUTE(SUBSTITUTE(SUBSTITUTE(SUBSTITUTE( _xlpm.x,"๐","0"),"๑","1"),"๒","2"),"๓","3"),"๔","4"), "๕","5"),"๖","6"),"๗","7"),"๘","8"),"๙","9")) -> สาขาที่ 321 | F71: 321 | G71: =_xlfn.TEXTBEFORE(D71,CHAR(10)) -> วัดเขาหอม | H71: =TRIM(_xlfn.TEXTBEFORE(MID(D71,SEARCH("พระ",D71),100),CHAR(10))) -> พระอธิการมั่น มุนิวํโส | I71: =VALUE(SUBSTITUTE(SUBSTITUTE(SUBSTITUTE(SUBSTITUTE(SUBSTITUTE(SUBSTITUTE(SUBSTITUTE(SUBSTITUTE(SUBSTITUTE(SUBSTITUTE(_xlfn.TEXTBEFORE(_xlfn.TEXTAFTER(D71,"เมื่ออายุ "), " ปี"),"๐","0"),"๑","1"),"๒","2"),"๓","3"),"๔","4"),"๕","5"),"๖","6"),"๗","7"),"๘","8"),"๙","9")) -> 21 | J71: =VALUE(SUBSTITUTE(SUBSTITUTE(SUBSTITUTE(SUBSTITUTE(SUBSTITUTE(SUBSTITUTE(SUBSTITUTE(SUBSTITUTE(SUBSTITUTE(SUBSTITUTE(_xlfn.TEXTBEFORE(_xlfn.TEXTAFTER(D71,"วันที่ "), " "),"๐","0"),"๑","1"),"๒","2"),"๓","3"),"๔","4"),"๕","5"),"๖","6"),"๗","7"),"๘","8"),"๙","9")) -> 24 | K71: =_xlfn.TEXTBEFORE(_xlfn.TEXTAFTER(D71,"วันที่ "&_xlfn.TEXTBEFORE(_xlfn.TEXTAFTER(D71,"วันที่ "), " ")&" "), " ") -> พฤษภาคม | L71: =VALUE(SUBSTITUTE(SUBSTITUTE(SUBSTITUTE(SUBSTITUTE(SUBSTITUTE(SUBSTITUTE(SUBSTITUTE(SUBSTITUTE(SUBSTITUTE(SUBSTITUTE(_xlfn.TEXTBEFORE(_xlfn.TEXTAFTER(_xlfn.TEXTAFTER(D71,"วันที่ ")," "&_xlfn.TEXTBEFORE(_xlfn.TEXTAFTER(D71,"วันที่ "&_xlfn.TEXTBEFORE(_xlfn.TEXTAFTER(D71,"วันที่ "), " ")&" "), " ")&" "), " "),"๐","0"),"๑","1"),"๒","2"),"๓","3"),"๔","4"),"๕","5"),"๖","6"),"๗","7"),"๘","8"),"๙","9")) -> 2540 | M71: =SUBSTITUTE( _xlfn.TEXTBEFORE( SUBSTITUTE(SUBSTITUTE(SUBSTITUTE(SUBSTITUTE(SUBSTITUTE( SUBSTITUTE(SUBSTITUTE(SUBSTITUTE(SUBSTITUTE(SUBSTITUTE( _xlfn.TEXTAFTER(D71,CHAR(10),-1), "๐","0"),"๑","1"),"๒","2"),"๓","3"),"๔","4"), "๕","5"),"๖","6"),"๗","7"),"๘","8"),"๙","9"),",",-1)," ","") -> 0612298966,0871371436 | N71: =_xlfn.TEXTBEFORE(_xlfn.TEXTAFTER(D71,CHAR(10)),CHAR(10)&"พระ") -> ๑๐๐ หมู่ที่ ๕ ต.โป่งน้ำร้อน อ.โป่งน้ำร้อน จ.จันทบุรี ๒๒๑๔๐ | O71: =YEAR(TODAY())+543 - L71 -> 29 | P71: =VLOOKUP(T71,mapping!C:D,2,0) -> Y | Q71: =IFERROR("อ."&_xlfn.TEXTBEFORE(_xlfn.TEXTAFTER(N71,"อ.")," "),"") -> อ.โป่งน้ำร้อน | R71: =IFERROR("จ."&_xlfn.TEXTBEFORE(_xlfn.TEXTAFTER(N71,"จ.")," "),"") -> จ.จันทบุรี | S71: =IF(LEFT(C71,4)="สาขา","B", IF(LEFT(C71,4)="สำรอ","R", IF(LEFT(C71,4)="สำรว","S",0))) -> B | T71: =S71&F71 -> B321
A72: =+A71+1 -> 70 | C72: สำรองที่ ๐๐๓ | D72: วัดป่าโนนสมบูรณ์ ๙/๙ หมู่ที่ ๙ บ้านโนนสมบูรณ์ ต.วังโรงใหญ่ อ.สีคิ้ว จ.นครราชสีมา ๓๐๑๔๐ พระอธิการญาณเมธี อุตฺตมปญฺโญ อุปสมบท เมื่ออายุ ๒๒ ปี วันที่ ๑๒ ธันวาคม ๒๕๔๐ (ผู้รับรอง)พระครูบวรสีลวัตร วัดเลิสสวัสดิ์ - (๐๘๐) ๑๕๑-๔๙๙๘, | E72: =_xlfn.LET(_xlpm.x,C72, SUBSTITUTE(SUBSTITUTE(SUBSTITUTE(SUBSTITUTE(SUBSTITUTE( SUBSTITUTE(SUBSTITUTE(SUBSTITUTE(SUBSTITUTE(SUBSTITUTE( _xlpm.x,"๐","0"),"๑","1"),"๒","2"),"๓","3"),"๔","4"), "๕","5"),"๖","6"),"๗","7"),"๘","8"),"๙","9")) -> สำรองที่ 003 | F72: 3 | G72: =_xlfn.TEXTBEFORE(D72,CHAR(10)) -> วัดป่าโนนสมบูรณ์ | H72: =TRIM(_xlfn.TEXTBEFORE(MID(D72,SEARCH("พระ",D72),100),CHAR(10))) -> พระอธิการญาณเมธี อุตฺตมปญฺโญ | I72: =VALUE(SUBSTITUTE(SUBSTITUTE(SUBSTITUTE(SUBSTITUTE(SUBSTITUTE(SUBSTITUTE(SUBSTITUTE(SUBSTITUTE(SUBSTITUTE(SUBSTITUTE(_xlfn.TEXTBEFORE(_xlfn.TEXTAFTER(D72,"เมื่ออายุ "), " ปี"),"๐","0"),"๑","1"),"๒","2"),"๓","3"),"๔","4"),"๕","5"),"๖","6"),"๗","7"),"๘","8"),"๙","9")) -> 22 | J72: =VALUE(SUBSTITUTE(SUBSTITUTE(SUBSTITUTE(SUBSTITUTE(SUBSTITUTE(SUBSTITUTE(SUBSTITUTE(SUBSTITUTE(SUBSTITUTE(SUBSTITUTE(_xlfn.TEXTBEFORE(_xlfn.TEXTAFTER(D72,"วันที่ "), " "),"๐","0"),"๑","1"),"๒","2"),"๓","3"),"๔","4"),"๕","5"),"๖","6"),"๗","7"),"๘","8"),"๙","9")) -> 12 | K72: =_xlfn.TEXTBEFORE(_xlfn.TEXTAFTER(D72,"วันที่ "&_xlfn.TEXTBEFORE(_xlfn.TEXTAFTER(D72,"วันที่ "), " ")&" "), " ") -> ธันวาคม | L72: =VALUE(SUBSTITUTE(SUBSTITUTE(SUBSTITUTE(SUBSTITUTE(SUBSTITUTE(SUBSTITUTE(SUBSTITUTE(SUBSTITUTE(SUBSTITUTE(SUBSTITUTE(_xlfn.TEXTBEFORE(_xlfn.TEXTAFTER(_xlfn.TEXTAFTER(D72,"วันที่ ")," "&_xlfn.TEXTBEFORE(_xlfn.TEXTAFTER(D72,"วันที่ "&_xlfn.TEXTBEFORE(_xlfn.TEXTAFTER(D72,"วันที่ "), " ")&" "), " ")&" "), " "),"๐","0"),"๑","1"),"๒","2"),"๓","3"),"๔","4"),"๕","5"),"๖","6"),"๗","7"),"๘","8"),"๙","9")) -> 2540 | M72: =SUBSTITUTE(SUBSTITUTE(SUBSTITUTE(SUBSTITUTE(_xlfn.TEXTBEFORE(SUBSTITUTE(SUBSTITUTE(SUBSTITUTE(SUBSTITUTE(SUBSTITUTE(SUBSTITUTE(SUBSTITUTE(SUBSTITUTE(SUBSTITUTE(SUBSTITUTE(_xlfn.TEXTAFTER(D72,"- "),"๐","0"),"๑","1"),"๒","2"),"๓","3"),"๔","4"),"๕","5"),"๖","6"),"๗","7"),"๘","8"),"๙","9"),","),"(",""),")",""),"-","")," ","") -> 0801514998 | N72: =_xlfn.TEXTBEFORE(_xlfn.TEXTAFTER(D72,CHAR(10)),CHAR(10)&"พระ") -> ๙/๙ หมู่ที่ ๙ บ้านโนนสมบูรณ์ ต.วังโรงใหญ่ อ.สีคิ้ว จ.นครราชสีมา ๓๐๑๔๐ | O72: =YEAR(TODAY())+543 - L72 -> 29 | P72: =VLOOKUP(T72,mapping!C:D,2,0) -> #N/A | Q72: =IFERROR("อ."&_xlfn.TEXTBEFORE(_xlfn.TEXTAFTER(N72,"อ.")," "),"") -> อ.สีคิ้ว | R72: =IFERROR("จ."&_xlfn.TEXTBEFORE(_xlfn.TEXTAFTER(N72,"จ.")," "),"") -> จ.นครราชสีมา | S72: =IF(LEFT(C72,4)="สาขา","B", IF(LEFT(C72,4)="สำรอ","R", IF(LEFT(C72,4)="สำรว","S",0))) -> R | T72: =S72&F72 -> R3
A73: =+A72+1 -> 71 | C73: สำรวจที่ ๐๐๒ | D73: วัดป่าเมธาวิเวก ๑๓๐ ม.๑ บ้านหนองฮี ต.หนองฮี อ.ปลาปาก จ.นครพนม ๔๘๑๖๐ พระครูวิเวกธีรากร (เชีย่วชาญ ธีรปญฺโญ) อุปสมบท เมื่ออายุ ๒๖ ปี วันที่ ๗ กรกฎาคม ๒๕๔๑ (ผู้รับรอง)พระครูภาวนาชัยมงคล (สุนทร ทนฺตจิตฺโต) วัดป่าชัยมงคล - (๐๘๖) ๐๑๕-๗๕๐๑, | E73: =_xlfn.LET(_xlpm.x,C73, SUBSTITUTE(SUBSTITUTE(SUBSTITUTE(SUBSTITUTE(SUBSTITUTE( SUBSTITUTE(SUBSTITUTE(SUBSTITUTE(SUBSTITUTE(SUBSTITUTE( _xlpm.x,"๐","0"),"๑","1"),"๒","2"),"๓","3"),"๔","4"), "๕","5"),"๖","6"),"๗","7"),"๘","8"),"๙","9")) -> สำรวจที่ 002 | F73: 2 | G73: =_xlfn.TEXTBEFORE(D73,CHAR(10)) -> วัดป่าเมธาวิเวก | H73: =TRIM(_xlfn.TEXTBEFORE(MID(D73,SEARCH("พระ",D73),100),CHAR(10))) -> พระครูวิเวกธีรากร (เชีย่วชาญ ธีรปญฺโญ) | I73: =VALUE(SUBSTITUTE(SUBSTITUTE(SUBSTITUTE(SUBSTITUTE(SUBSTITUTE(SUBSTITUTE(SUBSTITUTE(SUBSTITUTE(SUBSTITUTE(SUBSTITUTE(_xlfn.TEXTBEFORE(_xlfn.TEXTAFTER(D73,"เมื่ออายุ "), " ปี"),"๐","0"),"๑","1"),"๒","2"),"๓","3"),"๔","4"),"๕","5"),"๖","6"),"๗","7"),"๘","8"),"๙","9")) -> 26 | J73: =VALUE(SUBSTITUTE(SUBSTITUTE(SUBSTITUTE(SUBSTITUTE(SUBSTITUTE(SUBSTITUTE(SUBSTITUTE(SUBSTITUTE(SUBSTITUTE(SUBSTITUTE(_xlfn.TEXTBEFORE(_xlfn.TEXTAFTER(D73,"วันที่ "), " "),"๐","0"),"๑","1"),"๒","2"),"๓","3"),"๔","4"),"๕","5"),"๖","6"),"๗","7"),"๘","8"),"๙","9")) -> 7 | K73: =_xlfn.TEXTBEFORE(_xlfn.TEXTAFTER(D73,"วันที่ "&_xlfn.TEXTBEFORE(_xlfn.TEXTAFTER(D73,"วันที่ "), " ")&" "), " ") -> กรกฎาคม | L73: =VALUE(SUBSTITUTE(SUBSTITUTE(SUBSTITUTE(SUBSTITUTE(SUBSTITUTE(SUBSTITUTE(SUBSTITUTE(SUBSTITUTE(SUBSTITUTE(SUBSTITUTE(_xlfn.TEXTBEFORE(_xlfn.TEXTAFTER(_xlfn.TEXTAFTER(D73,"วันที่ ")," "&_xlfn.TEXTBEFORE(_xlfn.TEXTAFTER(D73,"วันที่ "&_xlfn.TEXTBEFORE(_xlfn.TEXTAFTER(D73,"วันที่ "), " ")&" "), " ")&" "), " "),"๐","0"),"๑","1"),"๒","2"),"๓","3"),"๔","4"),"๕","5"),"๖","6"),"๗","7"),"๘","8"),"๙","9")) -> 2541 | M73: =SUBSTITUTE(SUBSTITUTE(SUBSTITUTE(SUBSTITUTE(_xlfn.TEXTBEFORE(SUBSTITUTE(SUBSTITUTE(SUBSTITUTE(SUBSTITUTE(SUBSTITUTE(SUBSTITUTE(SUBSTITUTE(SUBSTITUTE(SUBSTITUTE(SUBSTITUTE(_xlfn.TEXTAFTER(D73,"- "),"๐","0"),"๑","1"),"๒","2"),"๓","3"),"๔","4"),"๕","5"),"๖","6"),"๗","7"),"๘","8"),"๙","9"),","),"(",""),")",""),"-","")," ","") -> 0860157501 | N73: =_xlfn.TEXTBEFORE(_xlfn.TEXTAFTER(D73,CHAR(10)),CHAR(10)&"พระ") -> ๑๓๐ ม.๑ บ้านหนองฮี ต.หนองฮี อ.ปลาปาก จ.นครพนม ๔๘๑๖๐ | O73: =YEAR(TODAY())+543 - L73 -> 28 | P73: =VLOOKUP(T73,mapping!C:D,2,0) -> #N/A | Q73: =IFERROR("อ."&_xlfn.TEXTBEFORE(_xlfn.TEXTAFTER(N73,"อ.")," "),"") -> อ.ปลาปาก | R73: =IFERROR("จ."&_xlfn.TEXTBEFORE(_xlfn.TEXTAFTER(N73,"จ.")," "),"") -> จ.นครพนม | S73: =IF(LEFT(C73,4)="สาขา","B", IF(LEFT(C73,4)="สำรอ","R", IF(LEFT(C73,4)="สำรว","S",0))) -> S | T73: =S73&F73 -> S2
A74: =+A73+1 -> 72 | C74: สาขาที่ ๐๑๙ | D74: วัดป่านานาชาติ ๑๘๑ หมู่ ๗ บ้านบุ่งหวาย ต.บุ่งหวาย อ.วารินชำราบ จ.อุบลราชธานี ๓๔๓๑๐ พระภาวนาวัชราจารย์ (เฮ็นนิ่ง เกวลี) อุปสมบท เมื่ออายุ ๒๙ ปี วันที่ ๔ กรกฎาคม ๒๕๔๑ (ผู้รับรอง) - (๐๘๘) ๕๘๒-๐๒๕๑,- (๐๘๙) ๙๔๙-๔๕๕๙, | E74: =_xlfn.LET(_xlpm.x,C74, SUBSTITUTE(SUBSTITUTE(SUBSTITUTE(SUBSTITUTE(SUBSTITUTE( SUBSTITUTE(SUBSTITUTE(SUBSTITUTE(SUBSTITUTE(SUBSTITUTE( _xlpm.x,"๐","0"),"๑","1"),"๒","2"),"๓","3"),"๔","4"), "๕","5"),"๖","6"),"๗","7"),"๘","8"),"๙","9")) -> สาขาที่ 019 | F74: 19 | G74: =_xlfn.TEXTBEFORE(D74,CHAR(10)) -> วัดป่านานาชาติ | H74: =TRIM(_xlfn.TEXTBEFORE(MID(D74,SEARCH("พระ",D74),100),CHAR(10))) -> พระภาวนาวัชราจารย์ (เฮ็นนิ่ง เกวลี) | I74: =VALUE(SUBSTITUTE(SUBSTITUTE(SUBSTITUTE(SUBSTITUTE(SUBSTITUTE(SUBSTITUTE(SUBSTITUTE(SUBSTITUTE(SUBSTITUTE(SUBSTITUTE(_xlfn.TEXTBEFORE(_xlfn.TEXTAFTER(D74,"เมื่ออายุ "), " ปี"),"๐","0"),"๑","1"),"๒","2"),"๓","3"),"๔","4"),"๕","5"),"๖","6"),"๗","7"),"๘","8"),"๙","9")) -> 29 | J74: =VALUE(SUBSTITUTE(SUBSTITUTE(SUBSTITUTE(SUBSTITUTE(SUBSTITUTE(SUBSTITUTE(SUBSTITUTE(SUBSTITUTE(SUBSTITUTE(SUBSTITUTE(_xlfn.TEXTBEFORE(_xlfn.TEXTAFTER(D74,"วันที่ "), " "),"๐","0"),"๑","1"),"๒","2"),"๓","3"),"๔","4"),"๕","5"),"๖","6"),"๗","7"),"๘","8"),"๙","9")) -> 4 | K74: =_xlfn.TEXTBEFORE(_xlfn.TEXTAFTER(D74,"วันที่ "&_xlfn.TEXTBEFORE(_xlfn.TEXTAFTER(D74,"วันที่ "), " ")&" "), " ") -> กรกฎาคม | L74: =VALUE(SUBSTITUTE(SUBSTITUTE(SUBSTITUTE(SUBSTITUTE(SUBSTITUTE(SUBSTITUTE(SUBSTITUTE(SUBSTITUTE(SUBSTITUTE(SUBSTITUTE(_xlfn.TEXTBEFORE(_xlfn.TEXTAFTER(_xlfn.TEXTAFTER(D74,"วันที่ ")," "&_xlfn.TEXTBEFORE(_xlfn.TEXTAFTER(D74,"วันที่ "&_xlfn.TEXTBEFORE(_xlfn.TEXTAFTER(D74,"วันที่ "), " ")&" "), " ")&" "), " "),"๐","0"),"๑","1"),"๒","2"),"๓","3"),"๔","4"),"๕","5"),"๖","6"),"๗","7"),"๘","8"),"๙","9")) -> 2541 | M74: =SUBSTITUTE(SUBSTITUTE(SUBSTITUTE(SUBSTITUTE(_xlfn.TEXTBEFORE(SUBSTITUTE(SUBSTITUTE(SUBSTITUTE(SUBSTITUTE(SUBSTITUTE(SUBSTITUTE(SUBSTITUTE(SUBSTITUTE(SUBSTITUTE(SUBSTITUTE(_xlfn.TEXTAFTER(D74,"- "),"๐","0"),"๑","1"),"๒","2"),"๓","3"),"๔","4"),"๕","5"),"๖","6"),"๗","7"),"๘","8"),"๙","9"),","),"(",""),")",""),"-","")," ","") -> 0885820251 | N74: =_xlfn.TEXTBEFORE(_xlfn.TEXTAFTER(D74,CHAR(10)),CHAR(10)&"พระ") -> ๑๘๑ หมู่ ๗ บ้านบุ่งหวาย ต.บุ่งหวาย อ.วารินชำราบ จ.อุบลราชธานี ๓๔๓๑๐ | O74: =YEAR(TODAY())+543 - L74 -> 28 | P74: =VLOOKUP(T74,mapping!C:D,2,0) -> Y | Q74: =IFERROR("อ."&_xlfn.TEXTBEFORE(_xlfn.TEXTAFTER(N74,"อ.")," "),"") -> อ.วารินชำราบ | R74: =IFERROR("จ."&_xlfn.TEXTBEFORE(_xlfn.TEXTAFTER(N74,"จ.")," "),"") -> จ.อุบลราชธานี | S74: =IF(LEFT(C74,4)="สาขา","B", IF(LEFT(C74,4)="สำรอ","R", IF(LEFT(C74,4)="สำรว","S",0))) -> B | T74: =S74&F74 -> B19
A75: =+A74+1 -> 73 | C75: สาขาที่ ๑๑๗ | D75: วัดป่าสุนันทวนาราม ๑๑๐ ม.๘ บ้านท่าเตียน ต.ไทรโยค อ.ไทรโยค จ.กาญจนบุรี ๗๑๑๕๐ พระอธิการหนูพรม สุชาโต อุปสมบท เมื่ออายุ ๒๙ ปี วันที่ ๑๙ กันยายน ๒๕๔๑ (ผู้รับรอง) - (๐๘๗) ๐๔๕-๗๒๓๒,- (๐๘๙) ๒๕๕-๒๐๒๗, | E75: =_xlfn.LET(_xlpm.x,C75, SUBSTITUTE(SUBSTITUTE(SUBSTITUTE(SUBSTITUTE(SUBSTITUTE( SUBSTITUTE(SUBSTITUTE(SUBSTITUTE(SUBSTITUTE(SUBSTITUTE( _xlpm.x,"๐","0"),"๑","1"),"๒","2"),"๓","3"),"๔","4"), "๕","5"),"๖","6"),"๗","7"),"๘","8"),"๙","9")) -> สาขาที่ 117 | F75: 117 | G75: =_xlfn.TEXTBEFORE(D75,CHAR(10)) -> วัดป่าสุนันทวนาราม | H75: =TRIM(_xlfn.TEXTBEFORE(MID(D75,SEARCH("พระ",D75),100),CHAR(10))) -> พระอธิการหนูพรม สุชาโต | I75: =VALUE(SUBSTITUTE(SUBSTITUTE(SUBSTITUTE(SUBSTITUTE(SUBSTITUTE(SUBSTITUTE(SUBSTITUTE(SUBSTITUTE(SUBSTITUTE(SUBSTITUTE(_xlfn.TEXTBEFORE(_xlfn.TEXTAFTER(D75,"เมื่ออายุ "), " ปี"),"๐","0"),"๑","1"),"๒","2"),"๓","3"),"๔","4"),"๕","5"),"๖","6"),"๗","7"),"๘","8"),"๙","9")) -> 29 | J75: =VALUE(SUBSTITUTE(SUBSTITUTE(SUBSTITUTE(SUBSTITUTE(SUBSTITUTE(SUBSTITUTE(SUBSTITUTE(SUBSTITUTE(SUBSTITUTE(SUBSTITUTE(_xlfn.TEXTBEFORE(_xlfn.TEXTAFTER(D75,"วันที่ "), " "),"๐","0"),"๑","1"),"๒","2"),"๓","3"),"๔","4"),"๕","5"),"๖","6"),"๗","7"),"๘","8"),"๙","9")) -> 19 | K75: =_xlfn.TEXTBEFORE(_xlfn.TEXTAFTER(D75,"วันที่ "&_xlfn.TEXTBEFORE(_xlfn.TEXTAFTER(D75,"วันที่ "), " ")&" "), " ") -> กันยายน | L75: =VALUE(SUBSTITUTE(SUBSTITUTE(SUBSTITUTE(SUBSTITUTE(SUBSTITUTE(SUBSTITUTE(SUBSTITUTE(SUBSTITUTE(SUBSTITUTE(SUBSTITUTE(_xlfn.TEXTBEFORE(_xlfn.TEXTAFTER(_xlfn.TEXTAFTER(D75,"วันที่ ")," "&_xlfn.TEXTBEFORE(_xlfn.TEXTAFTER(D75,"วันที่ "&_xlfn.TEXTBEFORE(_xlfn.TEXTAFTER(D75,"วันที่ "), " ")&" "), " ")&" "), " "),"๐","0"),"๑","1"),"๒","2"),"๓","3"),"๔","4"),"๕","5"),"๖","6"),"๗","7"),"๘","8"),"๙","9")) -> 2541 | M75: =SUBSTITUTE(SUBSTITUTE(SUBSTITUTE(SUBSTITUTE(_xlfn.TEXTBEFORE(SUBSTITUTE(SUBSTITUTE(SUBSTITUTE(SUBSTITUTE(SUBSTITUTE(SUBSTITUTE(SUBSTITUTE(SUBSTITUTE(SUBSTITUTE(SUBSTITUTE(_xlfn.TEXTAFTER(D75,"- "),"๐","0"),"๑","1"),"๒","2"),"๓","3"),"๔","4"),"๕","5"),"๖","6"),"๗","7"),"๘","8"),"๙","9"),","),"(",""),")",""),"-","")," ","") -> 0870457232 | N75: =_xlfn.TEXTBEFORE(_xlfn.TEXTAFTER(D75,CHAR(10)),CHAR(10)&"พระ") -> ๑๑๐ ม.๘ บ้านท่าเตียน ต.ไทรโยค อ.ไทรโยค จ.กาญจนบุรี ๗๑๑๕๐ | O75: =YEAR(TODAY())+543 - L75 -> 28 | P75: =VLOOKUP(T75,mapping!C:D,2,0) -> Y | Q75: =IFERROR("อ."&_xlfn.TEXTBEFORE(_xlfn.TEXTAFTER(N75,"อ.")," "),"") -> อ.ไทรโยค | R75: =IFERROR("จ."&_xlfn.TEXTBEFORE(_xlfn.TEXTAFTER(N75,"จ.")," "),"") -> จ.กาญจนบุรี | S75: =IF(LEFT(C75,4)="สาขา","B", IF(LEFT(C75,4)="สำรอ","R", IF(LEFT(C75,4)="สำรว","S",0))) -> B | T75: =S75&F75 -> B117
A76: =+A75+1 -> 74 | C76: สาขาที่ ๑๘๙ | D76: วัดกันตสิลาวาส ๑๐๘ ม.๓ บ้านสองคอน ต.ฝั่งแดง อ.ธาตุพนม จ.นครพนม ๔๘๑๑๐ พระอธิการสุรศักดิ์ มหาวีโร อุปสมบท เมื่ออายุ ๒๑ ปี วันที่ ๕ พฤษภาคม ๒๕๔๑ (ผู้รับรอง) - (๐๙๕) ๕๙๔-๕๕๔๖, | E76: =_xlfn.LET(_xlpm.x,C76, SUBSTITUTE(SUBSTITUTE(SUBSTITUTE(SUBSTITUTE(SUBSTITUTE( SUBSTITUTE(SUBSTITUTE(SUBSTITUTE(SUBSTITUTE(SUBSTITUTE( _xlpm.x,"๐","0"),"๑","1"),"๒","2"),"๓","3"),"๔","4"), "๕","5"),"๖","6"),"๗","7"),"๘","8"),"๙","9")) -> สาขาที่ 189 | F76: 189 | G76: =_xlfn.TEXTBEFORE(D76,CHAR(10)) -> วัดกันตสิลาวาส | H76: =TRIM(_xlfn.TEXTBEFORE(MID(D76,SEARCH("พระ",D76),100),CHAR(10))) -> พระอธิการสุรศักดิ์ มหาวีโร | I76: =VALUE(SUBSTITUTE(SUBSTITUTE(SUBSTITUTE(SUBSTITUTE(SUBSTITUTE(SUBSTITUTE(SUBSTITUTE(SUBSTITUTE(SUBSTITUTE(SUBSTITUTE(_xlfn.TEXTBEFORE(_xlfn.TEXTAFTER(D76,"เมื่ออายุ "), " ปี"),"๐","0"),"๑","1"),"๒","2"),"๓","3"),"๔","4"),"๕","5"),"๖","6"),"๗","7"),"๘","8"),"๙","9")) -> 21 | J76: =VALUE(SUBSTITUTE(SUBSTITUTE(SUBSTITUTE(SUBSTITUTE(SUBSTITUTE(SUBSTITUTE(SUBSTITUTE(SUBSTITUTE(SUBSTITUTE(SUBSTITUTE(_xlfn.TEXTBEFORE(_xlfn.TEXTAFTER(D76,"วันที่ "), " "),"๐","0"),"๑","1"),"๒","2"),"๓","3"),"๔","4"),"๕","5"),"๖","6"),"๗","7"),"๘","8"),"๙","9")) -> 5 | K76: =_xlfn.TEXTBEFORE(_xlfn.TEXTAFTER(D76,"วันที่ "&_xlfn.TEXTBEFORE(_xlfn.TEXTAFTER(D76,"วันที่ "), " ")&" "), " ") -> พฤษภาคม | L76: =VALUE(SUBSTITUTE(SUBSTITUTE(SUBSTITUTE(SUBSTITUTE(SUBSTITUTE(SUBSTITUTE(SUBSTITUTE(SUBSTITUTE(SUBSTITUTE(SUBSTITUTE(_xlfn.TEXTBEFORE(_xlfn.TEXTAFTER(_xlfn.TEXTAFTER(D76,"วันที่ ")," "&_xlfn.TEXTBEFORE(_xlfn.TEXTAFTER(D76,"วันที่ "&_xlfn.TEXTBEFORE(_xlfn.TEXTAFTER(D76,"วันที่ "), " ")&" "), " ")&" "), " "),"๐","0"),"๑","1"),"๒","2"),"๓","3"),"๔","4"),"๕","5"),"๖","6"),"๗","7"),"๘","8"),"๙","9")) -> 2541 | M76: =SUBSTITUTE(SUBSTITUTE(SUBSTITUTE(SUBSTITUTE(_xlfn.TEXTBEFORE(SUBSTITUTE(SUBSTITUTE(SUBSTITUTE(SUBSTITUTE(SUBSTITUTE(SUBSTITUTE(SUBSTITUTE(SUBSTITUTE(SUBSTITUTE(SUBSTITUTE(_xlfn.TEXTAFTER(D76,"- "),"๐","0"),"๑","1"),"๒","2"),"๓","3"),"๔","4"),"๕","5"),"๖","6"),"๗","7"),"๘","8"),"๙","9"),","),"(",""),")",""),"-","")," ","") -> 0955945546 | N76: =_xlfn.TEXTBEFORE(_xlfn.TEXTAFTER(D76,CHAR(10)),CHAR(10)&"พระ") -> ๑๐๘ ม.๓ บ้านสองคอน ต.ฝั่งแดง อ.ธาตุพนม จ.นครพนม ๔๘๑๑๐ | O76: =YEAR(TODAY())+543 - L76 -> 28 | P76: =VLOOKUP(T76,mapping!C:D,2,0) -> Y | Q76: =IFERROR("อ."&_xlfn.TEXTBEFORE(_xlfn.TEXTAFTER(N76,"อ.")," "),"") -> อ.ธาตุพนม | R76: =IFERROR("จ."&_xlfn.TEXTBEFORE(_xlfn.TEXTAFTER(N76,"จ.")," "),"") -> จ.นครพนม | S76: =IF(LEFT(C76,4)="สาขา","B", IF(LEFT(C76,4)="สำรอ","R", IF(LEFT(C76,4)="สำรว","S",0))) -> B | T76: =S76&F76 -> B189
A77: =+A76+1 -> 75 | C77: สาขาที่ ๓๒๒ | D77: ที่พักสงฆ์ป่าวังปืน ๑๓๗ หมู่ที่ ๙ บ้านวังปืน ต.ไทยอุดม อ.คลองหาด จ.สระแก้ว ๒๗๒๖๐ พระอาจารย์ลำแพน ปญฺญาวโร อุปสมบท เมื่ออายุ ๒๓ ปี วันที่ ๒๖ ธันวาคม ๒๕๔๑ (ผู้รับรอง) ๐๙๗๙๓๔ ๙๖๗๒,๐๘๙๙๓๔ ๓๓๒๑, | E77: =_xlfn.LET(_xlpm.x,C77, SUBSTITUTE(SUBSTITUTE(SUBSTITUTE(SUBSTITUTE(SUBSTITUTE( SUBSTITUTE(SUBSTITUTE(SUBSTITUTE(SUBSTITUTE(SUBSTITUTE( _xlpm.x,"๐","0"),"๑","1"),"๒","2"),"๓","3"),"๔","4"), "๕","5"),"๖","6"),"๗","7"),"๘","8"),"๙","9")) -> สาขาที่ 322 | F77: 322 | G77: =_xlfn.TEXTBEFORE(D77,CHAR(10)) -> ที่พักสงฆ์ป่าวังปืน | H77: =TRIM(_xlfn.TEXTBEFORE(MID(D77,SEARCH("พระ",D77),100),CHAR(10))) -> พระอาจารย์ลำแพน ปญฺญาวโร | I77: =VALUE(SUBSTITUTE(SUBSTITUTE(SUBSTITUTE(SUBSTITUTE(SUBSTITUTE(SUBSTITUTE(SUBSTITUTE(SUBSTITUTE(SUBSTITUTE(SUBSTITUTE(_xlfn.TEXTBEFORE(_xlfn.TEXTAFTER(D77,"เมื่ออายุ "), " ปี"),"๐","0"),"๑","1"),"๒","2"),"๓","3"),"๔","4"),"๕","5"),"๖","6"),"๗","7"),"๘","8"),"๙","9")) -> 23 | J77: =VALUE(SUBSTITUTE(SUBSTITUTE(SUBSTITUTE(SUBSTITUTE(SUBSTITUTE(SUBSTITUTE(SUBSTITUTE(SUBSTITUTE(SUBSTITUTE(SUBSTITUTE(_xlfn.TEXTBEFORE(_xlfn.TEXTAFTER(D77,"วันที่ "), " "),"๐","0"),"๑","1"),"๒","2"),"๓","3"),"๔","4"),"๕","5"),"๖","6"),"๗","7"),"๘","8"),"๙","9")) -> 26 | K77: =_xlfn.TEXTBEFORE(_xlfn.TEXTAFTER(D77,"วันที่ "&_xlfn.TEXTBEFORE(_xlfn.TEXTAFTER(D77,"วันที่ "), " ")&" "), " ") -> ธันวาคม | L77: =VALUE(SUBSTITUTE(SUBSTITUTE(SUBSTITUTE(SUBSTITUTE(SUBSTITUTE(SUBSTITUTE(SUBSTITUTE(SUBSTITUTE(SUBSTITUTE(SUBSTITUTE(_xlfn.TEXTBEFORE(_xlfn.TEXTAFTER(_xlfn.TEXTAFTER(D77,"วันที่ ")," "&_xlfn.TEXTBEFORE(_xlfn.TEXTAFTER(D77,"วันที่ "&_xlfn.TEXTBEFORE(_xlfn.TEXTAFTER(D77,"วันที่ "), " ")&" "), " ")&" "), " "),"๐","0"),"๑","1"),"๒","2"),"๓","3"),"๔","4"),"๕","5"),"๖","6"),"๗","7"),"๘","8"),"๙","9")) -> 2541 | M77: =SUBSTITUTE( _xlfn.TEXTBEFORE( SUBSTITUTE(SUBSTITUTE(SUBSTITUTE(SUBSTITUTE(SUBSTITUTE( SUBSTITUTE(SUBSTITUTE(SUBSTITUTE(SUBSTITUTE(SUBSTITUTE( _xlfn.TEXTAFTER(D77,CHAR(10),-1), "๐","0"),"๑","1"),"๒","2"),"๓","3"),"๔","4"), "๕","5"),"๖","6"),"๗","7"),"๘","8"),"๙","9"),",",-1)," ","") -> 0979349672,0899343321 | N77: =_xlfn.TEXTBEFORE(_xlfn.TEXTAFTER(D77,CHAR(10)),CHAR(10)&"พระ") -> ๑๓๗ หมู่ที่ ๙ บ้านวังปืน ต.ไทยอุดม อ.คลองหาด จ.สระแก้ว ๒๗๒๖๐ | O77: =YEAR(TODAY())+543 - L77 -> 28 | P77: =VLOOKUP(T77,mapping!C:D,2,0) -> Y | Q77: =IFERROR("อ."&_xlfn.TEXTBEFORE(_xlfn.TEXTAFTER(N77,"อ.")," "),"") -> อ.คลองหาด | R77: =IFERROR("จ."&_xlfn.TEXTBEFORE(_xlfn.TEXTAFTER(N77,"จ.")," "),"") -> จ.สระแก้ว | S77: =IF(LEFT(C77,4)="สาขา","B", IF(LEFT(C77,4)="สำรอ","R", IF(LEFT(C77,4)="สำรว","S",0))) -> B | T77: =S77&F77 -> B322
A78: =+A77+1 -> 76 | C78: สำรองที่ ๐๒๙ | D78: วัดโพธิชัยเจริญสุข ๑๙๑ หมู่ ๓ บ้านป่าเตี้ย ต.โนนงาม อ.บุณฑริก จ.อุบลราชธานี ๓๔๒๓๐ พระอาจารย์ประถม อินฺทวิโร อุปสมบท เมื่ออายุ ๒๔ ปี วันที่ ๒ มีนาคม ๒๕๔๑ (ผู้รับรอง)พระอาจารย์เฉลิมชัย ฉนฺทโก ที่พักสงฆ์น้ำบุ้น ๐๙๙๑๗๐ ๓๙๙๕, | E78: =_xlfn.LET(_xlpm.x,C78, SUBSTITUTE(SUBSTITUTE(SUBSTITUTE(SUBSTITUTE(SUBSTITUTE( SUBSTITUTE(SUBSTITUTE(SUBSTITUTE(SUBSTITUTE(SUBSTITUTE( _xlpm.x,"๐","0"),"๑","1"),"๒","2"),"๓","3"),"๔","4"), "๕","5"),"๖","6"),"๗","7"),"๘","8"),"๙","9")) -> สำรองที่ 029 | F78: 29 | G78: =_xlfn.TEXTBEFORE(D78,CHAR(10)) -> วัดโพธิชัยเจริญสุข | H78: =TRIM(_xlfn.TEXTBEFORE(MID(D78,SEARCH("พระ",D78),100),CHAR(10))) -> พระอาจารย์ประถม อินฺทวิโร | I78: =VALUE(SUBSTITUTE(SUBSTITUTE(SUBSTITUTE(SUBSTITUTE(SUBSTITUTE(SUBSTITUTE(SUBSTITUTE(SUBSTITUTE(SUBSTITUTE(SUBSTITUTE(_xlfn.TEXTBEFORE(_xlfn.TEXTAFTER(D78,"เมื่ออายุ "), " ปี"),"๐","0"),"๑","1"),"๒","2"),"๓","3"),"๔","4"),"๕","5"),"๖","6"),"๗","7"),"๘","8"),"๙","9")) -> 24 | J78: =VALUE(SUBSTITUTE(SUBSTITUTE(SUBSTITUTE(SUBSTITUTE(SUBSTITUTE(SUBSTITUTE(SUBSTITUTE(SUBSTITUTE(SUBSTITUTE(SUBSTITUTE(_xlfn.TEXTBEFORE(_xlfn.TEXTAFTER(D78,"วันที่ "), " "),"๐","0"),"๑","1"),"๒","2"),"๓","3"),"๔","4"),"๕","5"),"๖","6"),"๗","7"),"๘","8"),"๙","9")) -> 2 | K78: =_xlfn.TEXTBEFORE(_xlfn.TEXTAFTER(D78,"วันที่ "&_xlfn.TEXTBEFORE(_xlfn.TEXTAFTER(D78,"วันที่ "), " ")&" "), " ") -> มีนาคม | L78: =VALUE(SUBSTITUTE(SUBSTITUTE(SUBSTITUTE(SUBSTITUTE(SUBSTITUTE(SUBSTITUTE(SUBSTITUTE(SUBSTITUTE(SUBSTITUTE(SUBSTITUTE(_xlfn.TEXTBEFORE(_xlfn.TEXTAFTER(_xlfn.TEXTAFTER(D78,"วันที่ ")," "&_xlfn.TEXTBEFORE(_xlfn.TEXTAFTER(D78,"วันที่ "&_xlfn.TEXTBEFORE(_xlfn.TEXTAFTER(D78,"วันที่ "), " ")&" "), " ")&" "), " "),"๐","0"),"๑","1"),"๒","2"),"๓","3"),"๔","4"),"๕","5"),"๖","6"),"๗","7"),"๘","8"),"๙","9")) -> 2541 | M78: =SUBSTITUTE( _xlfn.TEXTBEFORE( SUBSTITUTE(SUBSTITUTE(SUBSTITUTE(SUBSTITUTE(SUBSTITUTE( SUBSTITUTE(SUBSTITUTE(SUBSTITUTE(SUBSTITUTE(SUBSTITUTE( _xlfn.TEXTAFTER(D78,CHAR(10),-1), "๐","0"),"๑","1"),"๒","2"),"๓","3"),"๔","4"), "๕","5"),"๖","6"),"๗","7"),"๘","8"),"๙","9"),",",-1)," ","") -> 0991703995 | N78: =_xlfn.TEXTBEFORE(_xlfn.TEXTAFTER(D78,CHAR(10)),CHAR(10)&"พระ") -> ๑๙๑ หมู่ ๓ บ้านป่าเตี้ย ต.โนนงาม อ.บุณฑริก จ.อุบลราชธานี ๓๔๒๓๐ | O78: =YEAR(TODAY())+543 - L78 -> 28 | P78: =VLOOKUP(T78,mapping!C:D,2,0) -> #N/A | Q78: =IFERROR("อ."&_xlfn.TEXTBEFORE(_xlfn.TEXTAFTER(N78,"อ.")," "),"") -> อ.บุณฑริก | R78: =IFERROR("จ."&_xlfn.TEXTBEFORE(_xlfn.TEXTAFTER(N78,"จ.")," "),"") -> จ.อุบลราชธานี | S78: =IF(LEFT(C78,4)="สาขา","B", IF(LEFT(C78,4)="สำรอ","R", IF(LEFT(C78,4)="สำรว","S",0))) -> R | T78: =S78&F78 -> R29
